FIPS,Geography,2017 Population,2017 Median Age,2017 Total households,2017 Median HHIncome,2017 Average household size,2017 Total families,2017 Average family size,2017 Percent owner-occupied housing units,2017 Percent renter-occupied housing units,2017 Population 16 years and over,2017 Unemployment rate (Population 16 years and over)
10100,"Aberdeen, SD Micro Area",42608,37.8,17907,54533,2.29,11172,2.89,67.5,32.5,33671,1.8
10140,"Aberdeen, WA Micro Area",71454,43.5,28070,45483,2.44,17782,3.0,66.1,33.9,58156,10.1
10180,"Abilene, TX Metro Area",169000,33.9,60369,48156,2.57,39949,3.12,62.4,37.6,133221,4.4
10220,"Ada, OK Micro Area",38289,35.5,14512,46689,2.54,9459,3.07,64.0,36.0,30079,5.1
10300,"Adrian, MI Micro Area",98585,41.6,38115,51339,2.45,25130,3.0,77.7,22.3,79966,5.9
10420,"Akron, OH Metro Area",703398,40.2,285229,53418,2.41,178289,3.03,66.3,33.7,574334,6.6
10460,"Alamogordo, NM Micro Area",65130,35.6,23657,43533,2.61,14997,3.36,64.1,35.9,51341,9.3
10500,"Albany, GA Metro Area",153776,36.6,57644,40612,2.57,38353,3.17,54.6,45.4,120069,12.6
10540,"Albany, OR Metro Area",121074,39.7,46265,49515,2.59,31521,3.07,64.1,35.9,96368,8.8
10580,"Albany-Schenectady-Troy, NY Metro Area",881862,40.0,349325,65743,2.43,209391,3.12,64.3,35.7,725952,5.6
10620,"Albemarle, NC Micro Area",60875,42.4,23859,46017,2.46,16751,2.94,72.5,27.5,49252,8.0
10660,"Albert Lea, MN Micro Area",30619,44.3,12958,51174,2.32,8428,2.82,76.8,23.2,24653,4.1
10700,"Albertville, AL Micro Area",94738,38.8,34588,41104,2.71,24212,3.28,70.7,29.3,73909,6.5
10740,"Albuquerque, NM Metro Area",905049,37.7,345399,50781,2.58,215883,3.27,67.1,32.9,720621,7.0
10760,"Alexander City, AL Micro Area",40756,43.3,16369,42181,2.45,11456,2.97,71.9,28.1,33010,9.2
10780,"Alexandria, LA Metro Area",154385,37.3,55303,42275,2.65,36789,3.32,62.0,38.0,120886,7.8
10820,"Alexandria, MN Micro Area",36891,44.3,16175,58667,2.25,10433,2.76,75.1,24.9,29900,3.1
10860,"Alice, TX Micro Area",41318,34.5,13614,41103,3.0,10080,3.52,69.4,30.6,30905,5.3
10900,"Allentown-Bethlehem-Easton, PA-NJ Metro Area",832790,41.3,318429,62479,2.54,215913,3.07,69.3,30.7,675813,6.7
10940,"Alma, MI Micro Area",41319,39.0,14736,42256,2.41,9766,2.9,72.7,27.3,33930,7.4
10980,"Alpena, MI Micro Area",28730,47.6,12789,40954,2.2,7908,2.73,77.0,23.0,23953,6.4
11020,"Altoona, PA Metro Area",124736,43.1,51638,45664,2.35,32825,2.95,70.1,29.9,101846,5.2
11060,"Altus, OK Micro Area",25574,34.2,9958,45189,2.5,6578,3.06,57.3,42.7,19453,5.2
11100,"Amarillo, TX Metro Area",261827,34.7,96146,53665,2.62,64862,3.2,64.6,35.4,201094,3.9
11140,"Americus, GA Micro Area",35855,35.4,13796,35189,2.45,9217,2.99,57.2,42.8,28246,11.2
11180,"Ames, IA Metro Area",95888,25.9,37106,52671,2.32,19093,2.86,51.6,48.4,81461,4.4
11220,"Amsterdam, NY Micro Area",49500,41.1,19700,47449,2.46,12501,3.01,68.9,31.1,39440,7.3
11260,"Anchorage, AK Metro Area",399360,33.5,136625,80724,2.85,92300,3.4,63.8,36.2,308314,6.7
11380,"Andrews, TX Micro Area",17577,31.6,5413,70753,3.23,4157,3.77,73.5,26.5,12732,4.5
11420,"Angola, IN Micro Area",34459,42.7,13810,52749,2.4,9359,2.84,77.8,22.2,28189,4.9
11460,"Ann Arbor, MI Metro Area",361509,33.4,138947,65618,2.46,79592,3.08,60.2,39.8,300238,5.4
11500,"Anniston-Oxford-Jacksonville, AL Metro Area",115527,39.1,45099,43686,2.49,30704,3.01,69.4,30.6,93148,10.1
11540,"Appleton, WI Metro Area",233025,38.4,91633,63415,2.51,62599,3.02,72.7,27.3,182913,2.9
11580,"Arcadia, FL Micro Area",35675,40.7,11744,35435,2.73,8044,3.27,68.9,31.1,29346,6.1
11620,"Ardmore, OK Micro Area",48407,38.1,18278,47754,2.6,12095,3.2,69.2,30.8,37450,6.4
11660,"Arkadelphia, AR Micro Area",22495,33.8,8820,37144,2.23,5515,2.78,62.0,38.0,18733,4.5
11680,"Arkansas City-Winfield, KS Micro Area",35732,38.2,13688,46624,2.45,9087,2.98,65.9,34.1,28133,5.2
11700,"Asheville, NC Metro Area",445625,44.0,187845,48159,2.32,114842,2.93,67.5,32.5,370383,4.6
11740,"Ashland, OH Micro Area",53299,40.4,20504,50893,2.49,13907,3.0,72.6,27.4,42565,4.2
11780,"Ashtabula, OH Micro Area",98622,42.5,38381,43017,2.48,24991,3.05,70.3,29.7,79229,7.4
11820,"Astoria, OR Micro Area",38021,44.1,15976,49828,2.33,9683,2.93,61.1,38.9,31477,6.5
11860,"Atchison, KS Micro Area",16466,35.9,5967,46640,2.52,3688,3.22,70.1,29.9,12925,6.3
11900,"Athens, OH Micro Area",65563,28.6,22509,37191,2.48,12407,3.04,56.8,43.2,57033,8.7
11940,"Athens, TN Micro Area",52569,42.6,20352,39990,2.53,13451,3.12,74.3,25.7,42554,8.3
11980,"Athens, TX Micro Area",79687,43.8,30459,44888,2.57,21718,3.05,75.4,24.6,64449,6.2
12020,"Athens-Clarke County, GA Metro Area",202780,31.8,75197,42418,2.55,44069,3.17,53.8,46.2,166374,6.9
12060,"Atlanta-Sandy Springs-Roswell, GA Metro Area",5700990,36.1,2029045,61733,2.77,1371453,3.38,63.2,36.8,4428759,7.0
12100,"Atlantic City-Hammonton, NJ Metro Area",272926,41.1,100660,57514,2.65,67179,3.24,67.4,32.6,220413,10.9
12120,"Atmore, AL Micro Area",37621,39.6,13226,35026,2.63,8513,3.37,71.8,28.2,30205,13.7
12140,"Auburn, IN Micro Area",42524,39.1,16317,51374,2.58,11088,3.12,76.5,23.5,33280,4.6
12180,"Auburn, NY Micro Area",78319,42.5,31428,54664,2.36,19844,2.91,70.8,29.2,64592,5.9
12220,"Auburn-Opelika, AL Metro Area",156597,31.0,59001,47564,2.55,37148,3.1,59.2,40.8,126616,5.7
12260,"Augusta-Richmond County, GA-SC Metro Area",589519,37.2,212603,49064,2.7,143996,3.33,66.7,33.3,466051,8.8
12300,"Augusta-Waterville, ME Micro Area",121289,44.2,51055,50116,2.3,31954,2.82,70.2,29.8,100138,5.7
12380,"Austin, MN Micro Area",39386,39.3,15524,53700,2.49,10214,3.06,73.3,26.7,30807,5.0
12420,"Austin-Round Rock, TX Metro Area",2000590,34.2,724566,69717,2.7,449620,3.36,58.3,41.7,1571007,4.7
12460,"Bainbridge, GA Micro Area",27023,37.9,10311,36934,2.5,6769,3.17,59.7,40.3,21055,6.5
12540,"Bakersfield, CA Metro Area",878744,31.3,264993,50826,3.2,198056,3.7,57.2,42.8,648709,10.9
12580,"Baltimore-Columbia-Towson, MD Metro Area",2792050,38.3,1040704,75646,2.62,678224,3.23,66.4,33.6,2244164,6.0
12620,"Bangor, ME Metro Area",152284,41.8,61848,47886,2.35,38388,2.84,69.7,30.3,127559,6.5
12660,"Baraboo, WI Micro Area",63340,41.3,25678,54447,2.43,17016,2.96,68.7,31.3,50514,3.6
12680,"Bardstown, KY Micro Area",45131,38.9,17324,55182,2.57,12218,3.08,78.4,21.6,35212,5.9
12700,"Barnstable Town, MA Metro Area",213900,52.4,95011,68048,2.22,58437,2.8,78.8,21.2,184832,5.5
12740,"Barre, VT Micro Area",58691,43.5,24719,60602,2.28,15279,2.8,71.6,28.4,48580,3.9
12780,"Bartlesville, OK Micro Area",51867,40.1,20688,50388,2.47,13896,3.01,69.9,30.1,40925,4.7
12820,"Bastrop, LA Micro Area",26290,39.6,10077,31672,2.52,6366,3.28,66.0,34.0,20530,6.1
12860,"Batavia, NY Micro Area",58537,43.2,23951,54033,2.41,15546,2.98,72.5,27.5,48038,5.1
12900,"Batesville, AR Micro Area",37097,39.8,14288,39945,2.52,9886,3.02,70.7,29.3,29327,6.0
12940,"Baton Rouge, LA Metro Area",828741,34.9,301894,55329,2.67,198244,3.3,67.8,32.2,653782,6.7
12980,"Battle Creek, MI Metro Area",134327,39.9,53528,46213,2.43,33915,3.02,69.8,30.2,106793,7.4
13020,"Bay City, MI Metro Area",105350,42.9,44070,45983,2.36,27943,2.92,78.1,21.9,85937,7.4
13060,"Bay City, TX Micro Area",36744,37.2,13811,44896,2.63,9143,3.33,67.8,32.2,28379,6.4
13100,"Beatrice, NE Micro Area",21632,44.2,9255,52223,2.27,5926,2.84,68.5,31.5,17316,3.2
13140,"Beaumont-Port Arthur, TX Metro Area",408663,36.9,151812,48962,2.58,100795,3.2,68.0,32.0,321549,6.2
13180,"Beaver Dam, WI Micro Area",87833,42.4,33987,56038,2.45,22428,3.0,70.4,29.6,71842,4.8
13220,"Beckley, WV Metro Area",121699,42.7,48766,41141,2.39,33426,2.87,75.1,24.9,98974,7.9
13260,"Bedford, IN Micro Area",45669,42.6,18432,49985,2.44,13148,2.88,78.8,21.2,36757,5.2
13300,"Beeville, TX Micro Area",32729,35.2,8531,45415,2.93,6121,3.54,63.0,37.0,26581,6.3
13340,"Bellefontaine, OH Micro Area",45323,41.0,18627,53051,2.41,12826,2.88,73.8,26.2,36053,5.8
13380,"Bellingham, WA Metro Area",212738,36.9,83475,56419,2.48,50745,3.0,61.8,38.2,175216,6.8
13420,"Bemidji, MN Micro Area",45847,33.4,17076,45923,2.55,10907,3.1,68.2,31.8,35325,8.7
13460,"Bend-Redmond, OR Metro Area",175321,42.1,69631,59152,2.5,46895,2.95,65.3,34.7,142265,5.5
13500,"Bennettsville, SC Micro Area",27505,39.9,9703,33921,2.52,6507,3.13,66.3,33.7,22763,14.6
13540,"Bennington, VT Micro Area",36054,46.6,15280,52251,2.26,9764,2.74,72.9,27.1,29869,4.4
13620,"Berlin, NH-VT Micro Area",38322,48.3,16599,44120,2.17,10451,2.66,72.5,27.5,32753,5.9
13660,"Big Rapids, MI Micro Area",43181,36.4,15641,43470,2.57,9566,3.09,74.0,26.0,36069,8.7
13700,"Big Spring, TX Micro Area",37911,36.7,11507,51084,2.83,7786,3.46,68.2,31.8,30542,6.4
13720,"Big Stone Gap, VA Micro Area",58763,40.9,22986,34542,2.41,15438,2.93,69.4,30.6,48242,9.0
13740,"Billings, MT Metro Area",167545,39.0,68910,57812,2.38,43345,2.94,68.8,31.2,132524,3.6
13780,"Binghamton, NY Metro Area",245446,40.5,98817,50673,2.37,60247,2.98,68.0,32.0,202533,7.0
13820,"Birmingham-Hoover, AL Metro Area",1144097,38.4,440261,52088,2.54,294202,3.15,69.2,30.8,908317,6.8
13900,"Bismarck, ND Metro Area",128673,36.9,54049,66467,2.31,33755,2.89,69.5,30.5,101599,2.3
13940,"Blackfoot, ID Micro Area",45369,33.3,14903,51307,3.03,11146,3.56,74.8,25.2,32419,5.2
13980,"Blacksburg-Christiansburg-Radford, VA Metro Area",181863,34.0,69179,50409,2.44,40746,2.89,62.4,37.6,155502,5.2
14010,"Bloomington, IL Metro Area",189407,33.5,72774,63333,2.5,45005,3.08,66.1,33.9,152540,4.1
14020,"Bloomington, IN Metro Area",165393,30.5,63565,46146,2.36,34490,2.9,57.5,42.5,141081,6.3
14100,"Bloomsburg-Berwick, PA Metro Area",84917,41.2,33987,49968,2.34,21456,2.86,69.5,30.5,71228,4.9
14140,"Bluefield, WV-VA Micro Area",103652,43.2,42349,39073,2.38,28039,2.94,73.8,26.2,85190,6.9
14180,"Blytheville, AR Micro Area",43534,36.1,17238,36417,2.48,11201,3.05,56.4,43.6,33476,11.6
14220,"Bogalusa, LA Micro Area",46449,39.9,17542,32962,2.54,11613,3.15,71.5,28.5,36693,12.3
14260,"Boise City, ID Metro Area",677346,35.8,247290,54120,2.69,162708,3.32,68.4,31.6,520451,5.2
14300,"Bonham, TX Micro Area",33787,41.9,12027,47875,2.55,8519,3.04,74.6,25.4,27453,5.2
14340,"Boone, IA Micro Area",26381,41.4,10998,57906,2.32,7050,2.91,75.5,24.5,21294,4.4
14380,"Boone, NC Micro Area",53421,30.6,20331,41541,2.35,10920,2.78,58.9,41.1,47373,8.1
14420,"Borger, TX Micro Area",21704,36.9,7799,50035,2.77,5170,3.46,79.5,20.5,16754,5.2
14460,"Boston-Cambridge-Newton, MA-NH Metro Area",4771936,38.7,1804136,81838,2.55,1152511,3.15,61.7,38.3,3918936,5.6
14500,"Boulder, CO Metro Area",316782,36.2,125026,75669,2.44,73339,3.01,62.2,37.8,261334,5.2
14540,"Bowling Green, KY Metro Area",169250,35.0,64088,46716,2.52,42848,3.02,63.1,36.9,135333,6.0
14580,"Bozeman, MT Micro Area",100733,33.4,40723,59397,2.38,23821,2.91,61.6,38.4,82265,4.3
14620,"Bradford, PA Micro Area",42070,42.5,17199,45866,2.27,10948,2.74,73.8,26.2,34817,7.5
14660,"Brainerd, MN Micro Area",92315,45.4,39279,52126,2.32,26473,2.77,77.4,22.6,74387,4.1
14700,"Branson, MO Micro Area",85837,46.1,35022,41135,2.39,24388,2.81,67.0,33.0,71058,6.8
14720,"Breckenridge, CO Micro Area",29722,39.2,9455,73538,3.1,5336,3.24,66.5,33.5,25507,3.3
14740,"Bremerton-Silverdale, WA Metro Area",258903,39.1,100484,68336,2.51,67889,2.98,66.8,33.2,211249,5.7
14780,"Brenham, TX Micro Area",34667,42.0,12205,55793,2.65,8442,3.27,77.0,23.0,28205,6.2
14820,"Brevard, NC Micro Area",33291,50.6,14125,44559,2.27,9680,2.71,75.9,24.1,28443,6.8
14860,"Bridgeport-Stamford-Norwalk, CT Metro Area",947328,40.2,337678,89773,2.75,236410,3.29,67.7,32.3,754693,7.6
15020,"Brookhaven, MS Micro Area",34542,37.8,12806,37308,2.64,9030,3.23,74.9,25.1,27034,7.5
15060,"Brookings, OR Micro Area",22377,55.6,10382,42519,2.13,5795,2.69,67.5,32.5,19361,9.9
15100,"Brookings, SD Micro Area",33697,26.7,12602,53473,2.38,6915,2.99,59.6,40.4,27645,3.3
15140,"Brownsville, TN Micro Area",17944,40.0,7104,36118,2.49,4660,3.17,59.9,40.1,14260,6.8
15180,"Brownsville-Harlingen, TX Metro Area",420201,31.4,122188,36095,3.41,96308,3.93,67.2,32.8,302842,8.0
15220,"Brownwood, TX Micro Area",37787,41.0,13835,43062,2.61,9417,3.16,72.6,27.4,30164,4.3
15260,"Brunswick, GA Metro Area",115939,41.9,45588,44887,2.51,30490,3.07,66.0,34.0,92813,7.2
15340,"Bucyrus, OH Micro Area",42231,43.0,17833,41726,2.34,11580,2.89,69.3,30.7,33998,6.4
15380,"Buffalo-Cheektowaga-Niagara Falls, NY Metro Area",1136670,40.8,474349,53534,2.33,284250,2.99,66.2,33.8,931678,5.6
15420,"Burley, ID Micro Area",43920,33.8,15184,48095,2.86,11679,3.26,70.4,29.6,31732,4.1
15460,"Burlington, IA-IL Micro Area",46803,43.4,19791,47511,2.33,12581,2.87,73.2,26.8,37565,5.7
15500,"Burlington, NC Metro Area",157844,39.7,63035,44281,2.43,41479,2.99,65.4,34.6,126150,6.0
15540,"Burlington-South Burlington, VT Metro Area",216751,37.7,86507,65476,2.39,52237,2.96,66.1,33.9,180021,4.2
15580,"Butte-Silver Bow, MT Micro Area",34514,39.9,15256,40480,2.19,8287,2.94,66.5,33.5,28225,5.9
15620,"Cadillac, MI Micro Area",47897,42.4,19046,42631,2.49,12976,2.96,78.1,21.9,37943,7.1
15660,"Calhoun, GA Micro Area",56424,37.0,19959,43452,2.8,14993,3.18,64.2,35.8,44061,5.7
15680,"California-Lexington Park, MD Metro Area",110979,36.5,39276,86508,2.75,27646,3.29,71.9,28.1,86676,4.2
15700,"Cambridge, MD Micro Area",32386,44.4,12940,50532,2.46,8539,3.02,65.8,34.2,26313,8.3
15740,"Cambridge, OH Micro Area",39414,42.4,16065,42744,2.42,10597,2.94,71.6,28.4,31576,8.5
15780,"Camden, AR Micro Area",29572,43.2,12077,33107,2.4,7828,3.07,70.0,30.0,23693,7.8
15820,"Campbellsville, KY Micro Area",25406,38.4,9669,36455,2.51,6407,3.09,63.2,36.8,20409,7.6
15900,"Canton, IL Micro Area",35733,42.5,14069,48599,2.35,9017,2.88,77.5,22.5,29471,7.7
15940,"Canton-Massillon, OH Metro Area",402098,42.1,162954,50217,2.41,107637,2.94,69.2,30.8,325448,6.6
15980,"Cape Coral-Fort Myers, FL Metro Area",700165,47.8,264325,52052,2.61,174256,3.16,69.8,30.2,586049,7.1
16020,"Cape Girardeau, MO-IL Metro Area",97136,37.6,36850,46872,2.53,23603,3.07,67.7,32.3,78235,5.4
16060,"Carbondale-Marion, IL Metro Area",126592,36.3,50804,42407,2.36,30354,2.97,63.2,36.8,103526,7.6
16100,"Carlsbad-Artesia, NM Micro Area",56793,35.9,21273,60703,2.64,15027,3.09,70.6,29.4,43524,5.1
16140,"Carroll, IA Micro Area",20428,41.7,8675,54563,2.31,5463,2.94,75.1,24.9,15879,2.5
16180,"Carson City, NV Metro Area",54219,43.0,22158,49341,2.36,13336,3.0,55.0,45.0,44354,7.7
16220,"Casper, WY Metro Area",81023,36.3,32984,59400,2.41,20480,3.0,66.6,33.4,63679,5.1
15860,"Cañon City, CO Micro Area",46601,44.8,16762,44712,2.14,11215,2.59,74.9,25.1,39920,6.2
16260,"Cedar City, UT Micro Area",48504,29.1,15575,45422,3.07,11246,3.57,64.4,35.6,36053,6.2
16300,"Cedar Rapids, IA Metro Area",266122,38.1,107512,62399,2.41,68881,2.98,75.0,25.0,210473,3.8
16340,"Cedartown, GA Micro Area",41444,37.1,14949,40652,2.75,10346,3.34,64.5,35.5,32032,7.2
16380,"Celina, OH Micro Area",40723,39.8,16142,57052,2.49,11319,3.02,77.4,22.6,31636,3.9
16420,"Central City, KY Micro Area",31153,42.0,11416,40037,2.63,8029,3.17,77.8,22.2,25444,9.6
16460,"Centralia, IL Micro Area",38305,41.8,16001,44679,2.35,10461,2.87,74.3,25.7,30446,8.7
16500,"Centralia, WA Micro Area",76012,42.8,30036,46387,2.49,19977,2.98,68.8,31.2,61276,8.8
16540,"Chambersburg-Waynesboro, PA Metro Area",153003,41.3,60102,58267,2.51,41038,3.03,70.6,29.4,122408,5.7
16580,"Champaign-Urbana, IL Metro Area",237849,31.0,93778,50720,2.36,51187,3.02,57.5,42.5,196981,5.2
16620,"Charleston, WV Metro Area",219964,43.1,92930,45155,2.33,59122,2.9,70.3,29.7,179964,7.0
16660,"Charleston-Mattoon, IL Micro Area",63439,35.8,25293,43253,2.34,15237,2.9,64.8,35.2,52933,6.9
16700,"Charleston-North Charleston, SC Metro Area",744195,36.6,281245,57666,2.59,179656,3.21,65.0,35.0,596434,5.8
16740,"Charlotte-Concord-Gastonia, NC-SC Metro Area",2427024,37.3,906355,57871,2.64,610386,3.22,65.4,34.6,1901400,7.1
16820,"Charlottesville, VA Metro Area",228825,38.1,87705,63486,2.45,54439,3.0,64.2,35.8,188648,4.1
16860,"Chattanooga, TN-GA Metro Area",548359,40.1,212307,49471,2.51,139028,3.13,67.6,32.4,444240,6.0
16940,"Cheyenne, WY Metro Area",97031,36.8,38447,62879,2.47,25526,3.0,69.3,30.7,77019,5.3
16980,"Chicago-Naperville-Elgin, IL-IN-WI Metro Area",9549229,37.0,3481330,65757,2.7,2276584,3.38,64.4,35.6,7567557,7.6
17020,"Chico, CA Metro Area",225207,36.9,86167,46516,2.54,51488,3.12,59.0,41.0,184969,9.1
17060,"Chillicothe, OH Micro Area",77125,40.5,28526,45792,2.49,20001,2.93,70.4,29.6,62188,7.6
17140,"Cincinnati, OH-KY-IN Metro Area",2156723,37.7,838070,59478,2.52,547122,3.11,66.1,33.9,1699101,5.8
17200,"Claremont-Lebanon, NH-VT Micro Area",216739,45.1,89032,58777,2.33,55898,2.86,72.0,28.0,182341,4.1
17220,"Clarksburg, WV Micro Area",93985,42.3,36820,47546,2.5,24116,3.08,75.9,24.1,76606,6.9
17260,"Clarksdale, MS Micro Area",24296,34.0,8969,28728,2.63,5977,3.31,51.2,48.8,18249,19.0
17300,"Clarksville, TN-KY Metro Area",278844,30.5,100161,50369,2.68,70529,3.19,57.5,42.5,210872,7.7
17340,"Clearlake, CA Micro Area",64095,45.8,26327,40446,2.4,16029,2.96,65.9,34.1,52552,11.2
17380,"Cleveland, MS Micro Area",33121,35.0,12267,28468,2.57,7795,3.29,55.4,44.6,25705,12.6
17420,"Cleveland, TN Metro Area",120388,39.9,46638,45570,2.51,32437,2.99,67.5,32.5,96872,7.1
17460,"Cleveland-Elyria, OH Metro Area",2062764,41.3,853766,52446,2.37,521020,3.05,65.1,34.9,1669577,7.5
17500,"Clewiston, FL Micro Area",39064,33.7,12098,37966,3.07,8369,3.66,65.4,34.6,29594,8.2
17540,"Clinton, IA Micro Area",47587,42.2,19877,50295,2.35,12455,2.92,74.3,25.7,37974,4.2
17580,"Clovis, NM Micro Area",50283,30.8,18470,41941,2.67,12116,3.28,57.7,42.3,38191,7.8
17660,"Coeur d'Alene, ID Metro Area",150128,39.7,58873,53189,2.52,41022,2.98,70.9,29.1,118783,6.1
17700,"Coffeyville, KS Micro Area",33463,40.3,13619,43977,2.39,8865,2.96,70.2,29.8,26280,5.8
17740,"Coldwater, MI Micro Area",43543,41.2,16415,48192,2.51,11057,3.0,75.4,24.6,34475,4.6
17780,"College Station-Bryan, TX Metro Area",248554,27.2,90343,45078,2.58,52249,3.13,49.9,50.1,201958,5.0
17820,"Colorado Springs, CO Metro Area",698595,34.4,259821,62751,2.62,179036,3.13,63.9,36.1,545216,6.8
17860,"Columbia, MO Metro Area",174589,30.6,68898,52005,2.4,39527,2.97,54.8,45.2,142939,4.4
17900,"Columbia, SC Metro Area",808377,36.3,305203,52728,2.53,195758,3.16,67.2,32.8,648019,7.0
17980,"Columbus, GA-AL Metro Area",309979,34.4,113725,44209,2.61,73969,3.27,54.6,45.4,242554,9.8
18020,"Columbus, IN Metro Area",81024,38.1,31472,57331,2.54,21028,3.09,71.0,29.0,63671,5.0
18060,"Columbus, MS Micro Area",59558,36.6,22630,43198,2.56,15453,3.12,61.3,38.7,46798,11.4
18100,"Columbus, NE Micro Area",32875,38.3,12937,58679,2.51,8473,3.15,71.2,28.8,25353,3.9
18140,"Columbus, OH Metro Area",2023695,35.8,775065,60170,2.54,494352,3.14,61.5,38.5,1591755,5.3
18180,"Concord, NH Micro Area",147958,42.8,57247,69856,2.47,38156,2.97,70.9,29.1,122595,4.0
18220,"Connersville, IN Micro Area",23426,42.4,9410,41476,2.44,6490,2.9,68.8,31.2,18880,7.5
18260,"Cookeville, TN Micro Area",109133,38.7,44127,36898,2.39,28180,2.96,65.8,34.2,88959,6.8
18300,"Coos Bay, OR Micro Area",62921,48.3,26473,40848,2.34,16539,2.89,65.2,34.8,52667,9.2
18380,"Cordele, GA Micro Area",23005,38.3,8312,33194,2.72,5718,3.35,59.1,40.9,17945,14.8
18420,"Corinth, MS Micro Area",37242,40.1,14675,38919,2.5,9669,3.15,70.2,29.8,29410,8.6
18460,"Cornelia, GA Micro Area",43878,39.5,15106,44474,2.74,10410,3.37,75.2,24.8,35107,5.5
18500,"Corning, NY Micro Area",97539,42.4,40351,50157,2.37,26077,2.9,71.8,28.2,78595,7.0
18580,"Corpus Christi, TX Metro Area",450183,35.7,161632,52883,2.73,111392,3.29,60.0,40.0,350366,5.8
18620,"Corsicana, TX Micro Area",48239,38.9,17326,45103,2.73,12931,3.17,68.6,31.4,37133,9.4
18660,"Cortland, NY Micro Area",48334,36.2,17925,52451,2.5,11002,3.04,64.7,35.3,40101,4.9
18700,"Corvallis, OR Metro Area",88249,32.8,34775,54682,2.38,19450,2.89,56.9,43.1,75426,6.7
18740,"Coshocton, OH Micro Area",36602,41.4,14367,43251,2.52,9699,3.08,75.3,24.7,28838,6.7
18780,"Craig, CO Micro Area",13056,37.7,5103,53010,2.53,3363,3.09,69.8,30.2,10092,3.6
18820,"Crawfordsville, IN Micro Area",38288,40.5,14993,53075,2.47,10259,2.95,71.6,28.4,30401,4.4
18860,"Crescent City, CA Micro Area",27442,38.7,9683,41287,2.5,5735,3.22,61.9,38.1,22188,9.5
18880,"Crestview-Fort Walton Beach-Destin, FL Metro Area",261048,38.2,102023,57421,2.48,66831,3.03,65.3,34.7,209679,6.0
18900,"Crossville, TN Micro Area",58178,50.5,25114,40994,2.29,17418,2.66,78.2,21.8,48840,7.6
18980,"Cullman, AL Micro Area",81703,40.6,31097,40997,2.59,21549,3.16,74.8,25.2,65472,5.8
19000,"Cullowhee, NC Micro Area",41725,37.2,16218,45078,2.35,9748,2.86,65.1,34.9,35276,4.8
19060,"Cumberland, MD-WV Metro Area",100012,42.1,39033,42169,2.34,24413,2.96,68.2,31.8,83915,8.4
19100,"Dallas-Fort Worth-Arlington, TX Metro Area",7104415,34.6,2494426,63870,2.81,1735094,3.4,59.8,40.2,5422791,5.3
19140,"Dalton, GA Metro Area",143407,36.2,49560,43076,2.86,36132,3.35,63.5,36.5,110078,7.9
19180,"Danville, IL Metro Area",79207,40.2,31355,44930,2.44,19871,3.04,69.9,30.1,62372,8.3
19220,"Danville, KY Micro Area",54186,40.4,20661,39960,2.47,13898,2.99,69.8,30.2,43889,6.6
19260,"Danville, VA Micro Area",103881,44.5,45204,40124,2.24,29119,2.78,66.2,33.8,84770,8.0
19300,"Daphne-Fairhope-Foley, AL Metro Area",203360,42.6,76133,52562,2.63,50029,3.31,72.9,27.1,163759,5.5
19340,"Davenport-Moline-Rock Island, IA-IL Metro Area",383141,39.6,153775,54629,2.43,98238,3.04,70.6,29.4,304424,5.5
19380,"Dayton, OH Metro Area",800893,39.4,329097,51204,2.35,204862,2.97,63.4,36.6,644369,7.2
19420,"Dayton, TN Micro Area",32478,40.7,12607,39368,2.5,8312,3.08,70.5,29.5,25815,7.9
19760,"DeRidder, LA Micro Area",36598,37.5,13327,47350,2.72,9305,3.29,76.5,23.5,28596,7.4
19460,"Decatur, AL Metro Area",152445,40.5,58960,46725,2.55,40916,3.1,73.4,26.6,121738,6.6
19500,"Decatur, IL Metro Area",107587,41.0,44310,49052,2.34,26993,3.02,70.0,30.0,86235,9.2
19540,"Decatur, IN Micro Area",35018,33.3,12453,48290,2.77,8594,3.38,76.2,23.8,25140,5.2
19580,"Defiance, OH Micro Area",38311,40.0,15309,55295,2.46,10632,2.92,76.2,23.8,30549,5.0
19620,"Del Rio, TX Micro Area",48976,31.7,15189,44609,3.12,11541,3.68,63.2,36.8,36457,6.6
19660,"Deltona-Daytona Beach-Ormond Beach, FL Metro Area",623675,47.1,249318,45016,2.46,155908,3.05,70.6,29.4,525521,6.7
19700,"Deming, NM Micro Area",24319,39.0,9088,27602,2.63,5349,3.61,61.8,38.2,18554,11.4
19740,"Denver-Aurora-Lakewood, CO Metro Area",2798684,36.3,1075807,71884,2.57,679494,3.2,63.7,36.3,2210457,4.6
19780,"Des Moines-West Des Moines, IA Metro Area",623113,35.7,242050,65971,2.53,157478,3.11,69.4,30.6,480834,4.3
19820,"Detroit-Warren-Dearborn, MI Metro Area",4304613,40.0,1682662,56339,2.53,1085107,3.18,68.8,31.2,3446869,8.1
19860,"Dickinson, ND Micro Area",30316,34.3,11962,77328,2.46,7226,3.15,66.5,33.5,23495,3.2
19940,"Dixon, IL Micro Area",34670,42.7,13416,58319,2.34,8548,2.87,73.8,26.2,28594,5.9
19980,"Dodge City, KS Micro Area",34658,31.1,11339,49890,3.0,8280,3.5,62.6,37.4,25123,6.3
20020,"Dothan, AL Metro Area",147790,40.7,56980,42431,2.57,38002,3.18,68.4,31.6,117935,7.7
20060,"Douglas, GA Micro Area",43048,35.9,14329,36572,2.73,9632,3.43,66.1,33.9,33664,5.7
20100,"Dover, DE Metro Area",173145,37.3,63381,57647,2.65,44233,3.15,69.6,30.4,136783,6.7
20180,"DuBois, PA Micro Area",80539,44.2,31152,45188,2.41,20690,2.93,76.9,23.1,67443,8.2
20140,"Dublin, GA Micro Area",57251,38.9,20714,35364,2.7,13618,3.39,64.0,36.0,44914,6.4
20220,"Dubuque, IA Metro Area",96571,38.6,38076,59150,2.42,25253,2.95,72.2,27.8,76878,3.9
20260,"Duluth, MN-WI Metro Area",279205,41.0,117792,51785,2.26,69358,2.84,71.3,28.7,230089,5.0
20300,"Dumas, TX Micro Area",22016,30.5,6725,52469,3.25,5110,3.84,63.9,36.1,15829,4.1
20340,"Duncan, OK Micro Area",44293,40.5,17252,44805,2.53,11595,3.1,71.4,28.6,35105,6.8
20380,"Dunn, NC Micro Area",128753,33.9,44657,50323,2.81,32013,3.35,65.1,34.9,97356,9.3
20420,"Durango, CO Micro Area",54469,39.7,21818,62533,2.41,13388,2.94,68.2,31.8,45268,4.4
20460,"Durant, OK Micro Area",45068,37.8,16911,41197,2.6,10964,3.18,63.0,37.0,35715,6.4
20500,"Durham-Chapel Hill, NC Metro Area",550281,36.7,217016,57600,2.42,131944,3.03,59.8,40.2,446381,6.0
20540,"Dyersburg, TN Micro Area",37751,40.5,15327,44386,2.43,10679,2.87,61.5,38.5,29626,7.3
20580,"Eagle Pass, TX Micro Area",57471,29.6,16416,37734,3.47,13297,3.96,68.0,32.0,41270,12.9
20700,"East Stroudsburg, PA Metro Area",167306,42.6,57526,61430,2.87,41181,3.39,78.2,21.8,138147,9.2
20660,"Easton, MD Micro Area",37461,49.7,16498,65595,2.25,10959,2.71,70.3,29.7,31332,4.4
20740,"Eau Claire, WI Metro Area",165833,36.7,65775,53219,2.42,40770,2.97,66.4,33.6,134456,3.9
20780,"Edwards, CO Micro Area",53726,36.5,17765,83803,3.02,11965,3.28,70.4,29.6,42899,2.7
20820,"Effingham, IL Micro Area",34164,39.1,13450,54655,2.5,9120,3.02,77.6,22.4,26890,4.4
20900,"El Campo, TX Micro Area",41430,37.3,15224,50145,2.68,10735,3.25,67.5,32.5,31766,5.3
20940,"El Centro, CA Metro Area",179957,32.2,45198,44779,3.77,35069,4.36,56.4,43.6,133703,16.0
20980,"El Dorado, AR Micro Area",40022,39.7,16189,41106,2.44,10769,3.03,73.5,26.5,31312,8.3
21340,"El Paso, TX Metro Area",838527,31.9,264090,43170,3.12,196261,3.71,61.6,38.4,630129,7.0
21020,"Elizabeth City, NC Micro Area",63388,40.9,24307,48112,2.51,16939,3.02,66.5,33.5,50989,7.6
21060,"Elizabethtown-Fort Knox, KY Metro Area",150253,37.0,57306,51441,2.56,39450,3.09,64.5,35.5,117748,6.7
21120,"Elk City, OK Micro Area",22971,35.1,7573,49625,2.8,5297,3.33,65.6,34.4,17658,4.6
21140,"Elkhart-Goshen, IN Metro Area",202924,35.4,71733,52449,2.78,51567,3.26,68.6,31.4,152334,5.6
21180,"Elkins, WV Micro Area",29152,43.1,11391,40094,2.37,7377,2.93,72.3,27.7,24148,7.3
21220,"Elko, NV Micro Area",54105,34.4,18647,76094,2.86,13247,3.37,70.5,29.5,40871,4.3
21260,"Ellensburg, WA Micro Area",43726,33.3,17648,53163,2.34,9555,2.93,57.6,42.4,36899,5.3
21300,"Elmira, NY Metro Area",86883,41.2,34664,51251,2.37,21665,2.94,68.1,31.9,70073,5.3
21380,"Emporia, KS Micro Area",33302,32.9,13552,42992,2.36,8155,2.91,57.5,42.5,26612,5.8
21420,"Enid, OK Metro Area",62421,35.7,23798,50724,2.55,16225,3.07,65.4,34.6,47688,5.3
21460,"Enterprise, AL Micro Area",51073,39.3,19620,49821,2.57,13431,3.17,65.4,34.6,40416,6.0
21500,"Erie, PA Metro Area",277794,39.0,110377,48192,2.4,69234,3.01,66.1,33.9,224050,6.5
21540,"Escanaba, MI Micro Area",36395,46.9,15920,44639,2.25,10022,2.82,79.9,20.1,29928,6.5
21580,"Española, NM Micro Area",39455,40.7,12852,33422,3.02,7626,4.17,76.6,23.4,31183,8.9
21640,"Eufaula, AL-GA Micro Area",28341,40.3,10169,32796,2.5,6612,3.19,63.6,36.4,23044,12.4
21660,"Eugene, OR Metro Area",363471,39.4,148752,47710,2.39,87977,2.92,58.8,41.2,302958,7.6
21700,"Eureka-Arcata-Fortuna, CA Micro Area",135490,37.7,53966,43718,2.43,30401,3.05,56.5,43.5,111972,8.9
21740,"Evanston, WY Micro Area",20758,35.1,7705,54672,2.66,5472,3.2,72.1,27.9,15228,6.4
21780,"Evansville, IN-KY Metro Area",315263,39.3,127524,49873,2.4,81769,2.98,68.3,31.7,251857,4.6
21820,"Fairbanks, AK Metro Area",100031,31.0,36396,76250,2.63,23329,3.23,59.0,41.0,78105,8.0
21840,"Fairfield, IA Micro Area",17945,40.9,6872,44516,2.4,4089,3.0,67.3,32.7,14967,6.7
21860,"Fairmont, MN Micro Area",20084,45.2,8685,53627,2.27,5501,2.8,74.6,25.4,16186,3.1
21900,"Fairmont, WV Micro Area",56575,41.3,22718,48158,2.43,14789,2.97,75.2,24.8,46497,5.5
21980,"Fallon, NV Micro Area",24022,38.9,9734,46914,2.41,6225,3.0,64.3,35.7,18891,7.8
22020,"Fargo, ND-MN Metro Area",232660,32.3,96492,59074,2.32,55804,2.96,56.2,43.8,185325,2.7
22060,"Faribault-Northfield, MN Micro Area",65251,36.6,22899,63311,2.49,15655,2.99,74.3,25.7,52580,3.6
22100,"Farmington, MO Micro Area",66248,39.2,24661,42873,2.4,16017,2.96,68.6,31.4,53712,6.5
22140,"Farmington, NM Metro Area",128221,34.6,41999,49686,3.01,29653,3.63,73.0,27.0,96817,9.6
22180,"Fayetteville, NC Metro Area",385337,31.2,141873,44883,2.6,91537,3.28,53.0,47.0,297214,10.3
22220,"Fayetteville-Springdale-Rogers, AR-MO Metro Area",514166,33.9,189693,52551,2.65,129740,3.19,61.0,39.0,395155,4.1
22260,"Fergus Falls, MN Micro Area",57790,46.6,24300,55181,2.33,16417,2.85,78.8,21.2,46726,3.6
22280,"Fernley, NV Micro Area",52303,43.8,20127,50920,2.59,13324,3.11,70.8,29.2,42077,9.8
22300,"Findlay, OH Micro Area",75508,38.9,32049,52831,2.3,19951,2.83,69.3,30.7,60482,4.5
22340,"Fitzgerald, GA Micro Area",17272,39.0,6361,32344,2.66,4469,3.16,60.7,39.3,13378,5.2
22380,"Flagstaff, AZ Metro Area",138639,30.6,47588,53523,2.65,29453,3.23,59.3,40.7,112345,8.3
22420,"Flint, MI Metro Area",410881,40.1,166838,45231,2.43,107172,3.01,70.1,29.9,327185,10.8
22500,"Florence, SC Metro Area",206109,39.6,78953,40888,2.55,52765,3.16,66.8,33.2,162842,10.6
22520,"Florence-Muscle Shoals, AL Metro Area",147025,42.0,60617,45090,2.38,39496,2.97,70.0,30.0,120287,6.7
22540,"Fond du Lac, WI Metro Area",102082,41.2,41387,57798,2.39,27505,2.93,71.2,28.8,82241,4.0
22580,"Forest City, NC Micro Area",66523,44.5,26497,38573,2.47,17276,3.06,71.5,28.5,54174,8.7
22620,"Forrest City, AR Micro Area",26688,38.4,9325,33102,2.49,5776,3.27,58.6,41.4,21411,10.0
22660,"Fort Collins, CO Metro Area",330976,35.7,130502,64980,2.46,81507,2.94,64.8,35.2,271565,5.3
22700,"Fort Dodge, IA Micro Area",36945,39.6,15067,42148,2.26,8881,2.91,67.7,32.3,29884,5.7
22780,"Fort Leonard Wood, MO Micro Area",53132,27.6,15375,51137,2.83,10275,3.5,48.2,51.8,42599,8.8
22800,"Fort Madison-Keokuk, IA-IL-MO Micro Area",59856,44.1,24634,49011,2.37,16638,2.88,76.7,23.3,48282,6.9
22820,"Fort Morgan, CO Micro Area",28123,36.6,10599,51456,2.62,7714,3.04,64.2,35.8,21526,4.5
22840,"Fort Payne, AL Micro Area",71194,39.0,25482,38842,2.76,17992,3.34,71.2,28.8,55678,5.1
22860,"Fort Polk South, LA Micro Area",51906,30.1,17930,46620,2.79,12573,3.4,52.4,47.6,39718,8.7
22900,"Fort Smith, AR-OK Metro Area",280705,38.5,107937,40686,2.56,74261,3.09,67.2,32.8,220292,6.4
23060,"Fort Wayne, IN Metro Area",429060,36.4,167109,51642,2.53,109874,3.12,69.9,30.1,330565,5.9
23140,"Frankfort, IN Micro Area",32455,38.2,11961,51659,2.66,8372,3.17,71.5,28.5,24863,5.2
23180,"Frankfort, KY Micro Area",71986,40.7,29399,53068,2.39,18626,2.97,67.0,33.0,57991,6.9
23240,"Fredericksburg, TX Micro Area",25939,50.2,10795,56267,2.37,7558,2.87,76.3,23.7,21443,5.0
23300,"Freeport, IL Micro Area",45839,44.7,19604,46427,2.3,12634,2.82,69.1,30.9,37027,8.0
23340,"Fremont, NE Micro Area",36576,39.1,15090,51748,2.36,9963,2.84,63.9,36.1,28818,4.4
23380,"Fremont, OH Micro Area",59559,41.7,23721,50370,2.46,15737,2.98,71.4,28.6,47491,5.4
23420,"Fresno, CA Metro Area",971616,31.8,301824,48730,3.16,219884,3.69,53.0,47.0,721274,10.4
23460,"Gadsden, AL Metro Area",103132,40.9,39061,42064,2.61,26410,3.21,71.9,28.1,83397,7.6
23500,"Gaffney, SC Micro Area",56549,38.9,20480,35286,2.72,12208,3.7,70.5,29.5,44742,7.8
23540,"Gainesville, FL Metro Area",277056,31.7,103884,45323,2.5,55369,3.22,55.3,44.7,232469,6.7
23580,"Gainesville, GA Metro Area",192865,36.0,63095,55622,3.03,46652,3.51,67.5,32.5,148088,4.6
23620,"Gainesville, TX Micro Area",39064,40.5,15185,60027,2.53,10951,2.95,68.9,31.1,30787,5.2
23660,"Galesburg, IL Micro Area",51374,42.2,20981,41972,2.25,12048,2.88,66.1,33.9,42434,6.3
23700,"Gallup, NM Micro Area",72849,31.6,19764,30336,3.65,13710,4.61,71.5,28.5,53706,16.1
23780,"Garden City, KS Micro Area",41028,30.8,13890,51671,2.91,10233,3.38,63.5,36.5,29660,4.6
23820,"Gardnerville Ranchos, NV Micro Area",47632,50.8,20376,61176,2.32,14272,2.7,69.4,30.6,40149,6.2
23860,"Georgetown, SC Micro Area",61065,48.5,24840,46967,2.43,17550,2.91,76.5,23.5,50656,9.6
23900,"Gettysburg, PA Metro Area",101589,43.3,38818,62661,2.51,27769,2.94,77.8,22.2,83374,4.9
23940,"Gillette, WY Micro Area",48116,33.2,17588,80178,2.7,12289,3.2,71.5,28.5,35905,4.6
23980,"Glasgow, KY Micro Area",53408,40.8,20867,39117,2.52,14312,3.04,68.1,31.9,42337,7.3
24020,"Glens Falls, NY Metro Area",126884,44.8,51237,56608,2.4,32801,2.92,72.3,27.7,105874,5.6
24060,"Glenwood Springs, CO Micro Area",75692,37.1,28395,66689,2.63,18933,3.13,65.7,34.3,59916,5.1
24100,"Gloversville, NY Micro Area",53955,43.4,22535,48033,2.34,14438,2.81,71.4,28.6,44129,7.6
24140,"Goldsboro, NC Metro Area",124496,37.3,47587,41766,2.55,31928,3.11,60.9,39.1,98155,9.7
24220,"Grand Forks, ND-MN Metro Area",101694,31.9,42325,52377,2.26,24006,2.91,56.3,43.7,82050,3.7
24260,"Grand Island, NE Metro Area",84596,37.5,32446,54479,2.57,22142,3.07,66.5,33.5,64860,4.7
24300,"Grand Junction, CO Metro Area",148798,38.9,60562,51971,2.4,39054,2.91,67.0,33.0,119449,8.0
24330,"Grand Rapids, MN Micro Area",45237,45.9,19356,52050,2.27,12989,2.73,80.4,19.6,36873,5.7
24340,"Grand Rapids-Wyoming, MI Metro Area",1039182,35.7,383745,58094,2.65,262664,3.15,72.4,27.6,813317,5.3
24420,"Grants Pass, OR Metro Area",84514,47.6,35614,40705,2.34,22730,2.84,66.4,33.6,70221,9.0
24380,"Grants, NM Micro Area",27049,36.4,9068,36089,2.77,6142,3.38,71.1,28.9,21252,16.0
24460,"Great Bend, KS Micro Area",27067,39.6,11288,46070,2.36,7459,2.86,68.7,31.3,21261,4.2
24500,"Great Falls, MT Metro Area",81816,38.4,34383,46827,2.3,21495,2.89,65.6,34.4,65244,4.6
24540,"Greeley, CO Metro Area",285729,34.2,99817,66489,2.8,73071,3.25,71.6,28.4,217015,5.3
24580,"Green Bay, WI Metro Area",315847,38.5,127135,56831,2.42,83294,2.96,68.2,31.8,249783,4.4
24620,"Greeneville, TN Micro Area",68520,44.3,27319,38266,2.44,18198,3.01,72.7,27.3,56839,7.2
24640,"Greenfield Town, MA Micro Area",70926,45.9,30512,57307,2.27,17919,2.86,68.9,31.1,59708,5.8
24660,"Greensboro-High Point, NC Metro Area",751590,38.8,293839,47145,2.49,189471,3.1,62.5,37.5,602802,6.6
24700,"Greensburg, IN Micro Area",26480,38.8,10354,52270,2.52,7050,3.04,69.4,30.6,20775,4.8
24740,"Greenville, MS Micro Area",48002,36.7,18249,29387,2.6,11502,3.41,54.5,45.5,36705,16.8
24780,"Greenville, NC Metro Area",176484,32.0,68805,43526,2.47,41310,3.06,52.3,47.7,142047,10.1
24820,"Greenville, OH Micro Area",51919,41.8,20803,50064,2.46,14355,2.98,72.5,27.5,40829,5.1
24860,"Greenville-Anderson-Mauldin, SC Metro Area",872463,38.5,334042,49371,2.54,223515,3.1,67.8,32.2,696407,6.1
24900,"Greenwood, MS Micro Area",40334,35.6,14069,29182,2.75,9026,3.62,57.4,42.6,31048,10.6
24940,"Greenwood, SC Micro Area",94769,40.4,36414,38074,2.51,23956,3.1,67.6,32.4,76038,9.6
24980,"Grenada, MS Micro Area",21379,40.3,7889,34876,2.66,5048,3.45,68.3,31.7,16961,10.4
25060,"Gulfport-Biloxi-Pascagoula, MS Metro Area",388082,37.4,147769,46951,2.58,97385,3.18,63.0,37.0,305561,8.9
25100,"Guymon, OK Micro Area",21409,32.5,6989,49469,2.99,4650,3.7,64.8,35.2,16194,3.1
25180,"Hagerstown-Martinsburg, MD-WV Metro Area",261156,39.8,98455,58843,2.56,67011,3.07,68.5,31.5,207535,7.5
25200,"Hailey, ID Micro Area",27765,41.5,10252,54530,2.66,6536,3.41,67.5,32.5,21719,3.6
25220,"Hammond, LA Metro Area",128850,34.9,47598,45901,2.63,31920,3.21,68.2,31.8,100282,8.9
25260,"Hanford-Corcoran, CA Metro Area",150183,31.5,42349,49742,3.18,32205,3.59,51.8,48.2,113303,9.7
25300,"Hannibal, MO Micro Area",38911,40.6,15305,46352,2.44,10289,2.92,68.8,31.2,31007,6.0
25420,"Harrisburg-Carlisle, PA Metro Area",565008,40.3,227344,60978,2.39,145377,2.97,67.9,32.1,457236,4.9
25460,"Harrison, AR Micro Area",45110,43.1,18039,40250,2.47,12330,3.0,74.4,25.6,36201,5.7
25500,"Harrisonburg, VA Metro Area",131717,33.6,47351,52264,2.59,30674,3.02,60.8,39.2,108349,4.9
25540,"Hartford-West Hartford-East Hartford, CT Metro Area",1213123,40.7,470348,73209,2.48,304907,3.07,66.8,33.2,994454,6.8
25580,"Hastings, NE Micro Area",31564,37.9,12659,51721,2.35,7823,2.98,68.3,31.7,24959,4.2
25620,"Hattiesburg, MS Metro Area",148399,34.0,54561,45546,2.64,36431,3.17,62.6,37.4,116412,10.6
25700,"Hays, KS Micro Area",28877,32.0,11647,49562,2.38,6529,2.97,61.9,38.1,23265,2.8
25720,"Heber, UT Micro Area",29306,33.3,9040,74552,3.22,7098,3.66,69.8,30.2,20909,2.4
25740,"Helena, MT Micro Area",77915,42.2,32046,61346,2.37,20420,2.91,71.0,29.0,63100,3.5
25760,"Helena-West Helena, AR Micro Area",19518,38.2,7823,26652,2.47,4802,3.24,47.6,52.4,14947,15.7
25780,"Henderson, NC Micro Area",44420,40.6,17029,35246,2.56,10717,3.21,58.6,41.4,35064,11.0
25820,"Hereford, TX Micro Area",18947,31.8,6118,51543,3.04,4355,3.74,65.0,35.0,13594,5.0
25840,"Hermiston-Pendleton, OR Micro Area",87889,36.4,30912,50545,2.69,21246,3.22,63.9,36.1,67733,7.9
25860,"Hickory-Lenoir-Morganton, NC Metro Area",364044,42.6,140700,44326,2.53,96404,3.07,71.0,29.0,295768,7.9
25880,"Hillsdale, MI Micro Area",45909,42.0,17896,46160,2.47,11946,3.0,76.5,23.5,36940,6.1
25900,"Hilo, HI Micro Area",196325,42.1,67054,56395,2.88,44937,3.46,67.0,33.0,157779,6.8
25940,"Hilton Head Island-Bluffton-Beaufort, SC Metro Area",206781,43.2,78505,56945,2.56,53658,3.06,70.4,29.6,169706,6.9
25980,"Hinesville, GA Metro Area",79977,28.6,28507,45212,2.73,20424,3.24,49.3,50.7,58956,13.1
26020,"Hobbs, NM Micro Area",69505,31.7,22029,59285,3.04,16410,3.57,68.1,31.9,50611,6.2
26090,"Holland, MI Micro Area",114145,39.7,42556,58487,2.65,30803,3.11,81.9,18.1,89262,3.6
26140,"Homosassa Springs, FL Metro Area",141373,55.9,62488,40574,2.22,39581,2.75,80.9,19.1,122938,9.9
26220,"Hood River, OR Micro Area",22938,39.0,8543,57269,2.57,5527,3.15,63.8,36.2,17946,5.1
26260,"Hope, AR Micro Area",30682,40.0,11382,38119,2.65,7720,3.32,70.6,29.4,23769,6.0
26300,"Hot Springs, AR Metro Area",97994,44.7,40062,41672,2.39,25186,2.97,67.0,33.0,80247,9.0
26340,"Houghton, MI Micro Area",38469,34.2,14170,41348,2.55,8164,3.21,69.8,30.2,31651,6.7
26380,"Houma-Thibodaux, LA Metro Area",211179,36.2,76330,50013,2.72,52878,3.23,73.0,27.0,164587,6.5
26420,"Houston-The Woodlands-Sugar Land, TX Metro Area",6636208,34.0,2271561,62922,2.89,1606319,3.48,60.4,39.6,5043235,6.1
26460,"Hudson, NY Micro Area",61481,47.4,25470,61093,2.32,16008,2.84,72.4,27.6,51694,5.0
26500,"Huntingdon, PA Micro Area",45686,42.9,16935,46765,2.39,11616,2.86,75.1,24.9,38077,6.7
26540,"Huntington, IN Micro Area",36520,40.3,14616,50063,2.4,10098,2.87,76.3,23.7,29425,3.9
26580,"Huntington-Ashland, WV-KY-OH Metro Area",360603,41.3,143263,44315,2.46,93695,3.05,71.0,29.0,292231,6.6
26620,"Huntsville, AL Metro Area",444908,38.4,174639,59583,2.48,114819,3.1,69.3,30.7,356493,6.6
26660,"Huntsville, TX Micro Area",85299,36.5,27228,40578,2.44,16313,3.08,58.2,41.8,73227,4.6
26700,"Huron, SD Micro Area",18163,37.9,7651,48995,2.28,4653,2.98,67.0,33.0,13713,2.1
26740,"Hutchinson, KS Micro Area",63360,40.1,25015,47897,2.42,16261,2.99,68.7,31.3,50599,5.0
26780,"Hutchinson, MN Micro Area",35816,40.4,14760,59869,2.4,9859,2.9,78.3,21.7,28324,3.0
26820,"Idaho Falls, ID Metro Area",140427,32.6,47919,54663,2.9,35265,3.43,72.7,27.3,100669,4.0
26860,"Indiana, PA Micro Area",86551,39.7,34030,46306,2.37,21340,2.91,70.1,29.9,72523,7.8
26900,"Indianapolis-Carmel-Anderson, IN Metro Area",1989032,36.3,759549,56528,2.57,487870,3.21,65.1,34.9,1544018,6.1
26940,"Indianola, MS Micro Area",26915,34.9,8505,28556,2.7,5640,3.43,56.2,43.8,21379,17.6
26960,"Ionia, MI Micro Area",64147,38.7,22625,51980,2.66,15815,3.15,77.9,22.1,51082,6.2
26980,"Iowa City, IA Metro Area",166520,31.1,66092,59800,2.39,37307,2.98,61.0,39.0,135320,3.3
27020,"Iron Mountain, MI-WI Micro Area",30048,47.3,13248,45946,2.23,8650,2.73,79.2,20.8,24984,6.1
27060,"Ithaca, NY Metro Area",104415,30.4,38986,56200,2.33,20429,2.84,55.5,44.5,90533,4.8
27100,"Jackson, MI Metro Area",158989,41.0,61418,49715,2.43,40402,2.98,73.2,26.8,128447,7.6
27140,"Jackson, MS Metro Area",578565,36.0,210526,49381,2.65,144440,3.23,67.4,32.6,451546,7.8
27160,"Jackson, OH Micro Area",32624,40.2,12964,43397,2.49,8919,2.95,68.5,31.5,25763,10.8
27180,"Jackson, TN Metro Area",129538,37.9,48508,43552,2.56,32749,3.13,65.5,34.5,103272,6.7
27220,"Jackson, WY-ID Micro Area",33699,37.9,12559,74756,2.61,7668,3.12,62.8,37.2,26924,2.7
27260,"Jacksonville, FL Metro Area",1447884,38.1,542219,56449,2.62,359371,3.2,64.3,35.7,1155835,7.1
27300,"Jacksonville, IL Micro Area",39551,41.6,16005,49306,2.24,10106,2.75,69.8,30.2,32588,6.5
27340,"Jacksonville, NC Metro Area",192685,26.0,63093,48162,2.73,45009,3.2,52.5,47.5,149544,10.6
27380,"Jacksonville, TX Micro Area",51594,38.0,17885,44294,2.72,13197,3.21,73.6,26.4,39819,6.1
27420,"Jamestown, ND Micro Area",21058,39.7,9199,56088,2.11,5253,2.7,65.0,35.0,17237,1.5
27460,"Jamestown-Dunkirk-Fredonia, NY Micro Area",130846,42.3,52983,44304,2.35,32986,2.94,70.0,30.0,106962,7.7
27500,"Janesville-Beloit, WI Metro Area",161226,39.3,64482,53410,2.45,42303,2.97,68.7,31.3,126948,6.4
27540,"Jasper, IN Micro Area",54850,40.9,21620,55138,2.48,14697,3.02,78.3,21.7,43168,3.1
27620,"Jefferson City, MO Metro Area",151056,38.5,56228,53680,2.5,36992,3.07,70.8,29.2,120699,4.4
27600,"Jefferson, GA Micro Area",63851,38.7,21785,57999,2.9,16459,3.35,77.0,23.0,49205,6.5
27660,"Jennings, LA Micro Area",31405,38.1,11435,40744,2.7,7764,3.32,71.4,28.6,24243,9.1
27700,"Jesup, GA Micro Area",29833,38.2,10362,41534,2.67,7139,3.22,63.1,36.9,23287,9.5
27740,"Johnson City, TN Metro Area",200767,41.7,84095,40429,2.3,53593,2.86,66.9,33.1,166319,6.0
27780,"Johnstown, PA Metro Area",135871,45.0,57154,44943,2.24,36239,2.8,74.3,25.7,112678,7.5
27860,"Jonesboro, AR Metro Area",128344,35.0,49321,43649,2.52,32946,3.04,59.6,40.4,100270,5.9
27900,"Joplin, MO Metro Area",176759,36.8,68160,45913,2.54,45822,3.07,66.9,33.1,137764,5.4
27920,"Junction City, KS Micro Area",35796,26.4,12923,46096,2.69,9380,3.23,39.0,61.0,25523,8.0
27940,"Juneau, AK Micro Area",32434,38.0,12273,90749,2.59,7879,3.12,65.5,34.5,26154,4.8
27980,"Kahului-Wailuku-Lahaina, HI Metro Area",164180,40.9,54434,72743,2.97,37245,3.48,59.2,40.8,131220,4.9
28020,"Kalamazoo-Portage, MI Metro Area",335020,35.7,131513,51319,2.47,80725,3.05,66.7,33.3,268297,6.6
28060,"Kalispell, MT Micro Area",96147,42.3,38006,51410,2.5,24854,3.05,72.0,28.0,76947,4.0
28100,"Kankakee, IL Metro Area",110801,37.7,40239,56542,2.62,26994,3.19,68.4,31.6,87482,7.5
28140,"Kansas City, MO-KS Metro Area",2088830,37.1,815314,61479,2.52,528911,3.13,65.2,34.8,1628792,4.9
28180,"Kapaa, HI Micro Area",71093,42.1,22563,72330,3.12,15723,3.68,63.0,37.0,57037,4.4
28260,"Kearney, NE Micro Area",55381,33.8,21668,54709,2.44,13434,3.0,63.9,36.1,43716,3.1
28300,"Keene, NH Micro Area",76109,42.5,30529,60148,2.34,19198,2.85,70.3,29.7,64060,4.5
28340,"Kendallville, IN Micro Area",47421,38.5,18205,52393,2.56,12967,3.04,74.4,25.6,36823,5.7
28380,"Kennett, MO Micro Area",30905,39.4,12760,32348,2.37,8153,2.98,63.3,36.7,23794,6.9
28420,"Kennewick-Richland, WA Metro Area",279653,33.6,96198,61999,2.87,68401,3.41,68.4,31.6,207585,5.9
28500,"Kerrville, TX Micro Area",50761,47.8,20580,48698,2.38,13712,2.89,71.2,28.8,42025,6.0
28540,"Ketchikan, AK Micro Area",13745,39.5,5270,67321,2.55,3410,3.07,61.9,38.1,10963,7.0
28580,"Key West, FL Micro Area",76745,46.7,30198,63030,2.47,17358,3.04,58.7,41.3,66559,3.7
28620,"Kill Devil Hills, NC Micro Area",39502,46.2,16803,53625,2.3,11182,2.76,70.0,30.0,32805,5.5
28660,"Killeen-Temple, TX Metro Area",432797,31.1,146569,52353,2.79,104067,3.34,56.2,43.8,327295,8.5
28700,"Kingsport-Bristol-Bristol, TN-VA Metro Area",306745,44.8,128545,41558,2.34,85199,2.88,72.9,27.1,253280,6.8
28740,"Kingston, NY Metro Area",180129,43.6,69662,61652,2.42,43393,3.02,69.4,30.6,151327,7.1
28780,"Kingsville, TX Micro Area",32104,28.0,11110,41539,2.71,6935,3.38,52.7,47.3,25269,9.6
28820,"Kinston, NC Micro Area",57934,41.9,23263,37515,2.43,15286,3.02,60.1,39.9,46425,11.6
28860,"Kirksville, MO Micro Area",29887,29.1,11264,38766,2.4,6245,3.05,61.2,38.8,24884,5.6
28900,"Klamath Falls, OR Micro Area",66018,42.6,27171,42531,2.39,17592,2.88,65.0,35.0,53329,9.1
28940,"Knoxville, TN Metro Area",862490,40.5,344088,49820,2.45,224941,3.0,68.6,31.4,703696,6.1
29020,"Kokomo, IN Metro Area",82457,41.5,34538,47958,2.36,22187,2.94,68.3,31.7,65980,6.5
29100,"La Crosse-Onalaska, WI-MN Metro Area",136291,36.9,55080,54574,2.37,33673,2.88,66.3,33.7,111653,4.4
29260,"La Grande, OR Micro Area",25810,39.8,10291,46228,2.43,6559,2.91,63.3,36.7,20699,6.5
29300,"LaGrange, GA Micro Area",69433,36.2,24679,43597,2.75,16728,3.42,57.0,43.0,53875,8.9
29060,"Laconia, NH Micro Area",60383,46.7,24579,65834,2.42,16319,2.88,75.8,24.2,50354,4.9
29180,"Lafayette, LA Metro Area",487633,35.4,179928,49514,2.67,119184,3.25,69.4,30.6,379533,6.8
29200,"Lafayette-West Lafayette, IN Metro Area",214760,29.6,79987,50795,2.48,46810,3.05,57.7,42.3,174315,5.2
29340,"Lake Charles, LA Metro Area",205559,36.3,79816,48481,2.53,52422,3.13,68.3,31.7,160088,6.5
29380,"Lake City, FL Micro Area",68484,40.7,24722,43504,2.57,15565,3.25,73.0,27.0,55304,9.5
29420,"Lake Havasu City-Kingman, AZ Metro Area",204691,50.4,83902,41567,2.39,53129,2.9,68.3,31.7,172208,10.1
29460,"Lakeland-Winter Haven, FL Metro Area",652256,40.4,226604,45988,2.82,155940,3.4,68.3,31.7,521280,7.7
29500,"Lamesa, TX Micro Area",13095,33.1,4339,43201,2.61,2958,3.2,71.1,28.9,10267,6.7
29540,"Lancaster, PA Metro Area",536494,38.5,198565,61492,2.64,139173,3.15,68.2,31.8,422045,4.7
29620,"Lansing-East Lansing, MI Metro Area",472092,35.3,185380,53710,2.43,110448,3.04,64.6,35.4,385334,7.0
29660,"Laramie, WY Micro Area",37944,27.1,16009,45816,2.23,7732,2.9,49.6,50.4,32257,4.8
29700,"Laredo, TX Metro Area",269624,28.4,72379,40442,3.68,58364,4.2,63.0,37.0,187960,5.7
29740,"Las Cruces, NM Metro Area",213849,32.9,76740,39114,2.72,52433,3.28,62.7,37.3,165664,9.3
29780,"Las Vegas, NM Micro Area",28203,42.9,11041,29168,2.41,5693,3.41,70.4,29.6,23514,5.3
29820,"Las Vegas-Henderson-Paradise, NV Metro Area",2112436,36.9,749858,54882,2.79,480487,3.46,52.7,47.3,1667625,8.3
29860,"Laurel, MS Micro Area",84875,37.8,31480,37747,2.64,22404,3.18,75.1,24.9,65872,7.4
29900,"Laurinburg, NC Micro Area",35445,39.3,13273,32739,2.48,8933,3.06,62.0,38.0,28246,12.7
29940,"Lawrence, KS Metro Area",117806,29.2,44945,54370,2.43,24333,3.03,51.6,48.4,98041,4.7
29980,"Lawrenceburg, TN Micro Area",42591,39.6,16101,41522,2.62,11519,3.12,73.8,26.2,33070,8.8
30020,"Lawton, OK Metro Area",129066,33.0,45222,49608,2.65,29494,3.24,54.9,45.1,101262,8.8
30060,"Lebanon, MO Micro Area",35488,40.1,13825,42646,2.54,9831,2.99,67.6,32.4,27728,7.7
30140,"Lebanon, PA Metro Area",137616,41.2,52792,57698,2.55,36740,3.03,69.5,30.5,109399,5.8
30220,"Levelland, TX Micro Area",23273,33.4,8065,49184,2.79,5757,3.36,68.6,31.4,17868,7.4
30260,"Lewisburg, PA Micro Area",45056,39.4,14702,53768,2.42,9922,2.96,70.8,29.2,38119,3.4
30280,"Lewisburg, TN Micro Area",31753,39.3,12008,46837,2.61,8431,3.11,71.7,28.3,25106,6.5
30300,"Lewiston, ID-WA Metro Area",62273,42.7,25543,50760,2.39,16621,2.88,70.8,29.2,50603,5.1
30340,"Lewiston-Auburn, ME Metro Area",107317,40.7,45263,49538,2.3,27608,2.85,64.0,36.0,86257,5.2
30380,"Lewistown, PA Micro Area",46452,43.6,18939,46286,2.42,12807,2.88,70.2,29.8,37166,4.2
30420,"Lexington, NE Micro Area",25944,36.8,9783,51923,2.61,7016,3.08,67.1,32.9,19740,4.2
30460,"Lexington-Fayette, KY Metro Area",500689,35.8,197974,54436,2.44,123943,2.98,58.3,41.7,401114,6.0
30580,"Liberal, KS Micro Area",22948,29.5,7573,47535,2.96,5474,3.51,65.8,34.2,16541,7.3
30620,"Lima, OH Metro Area",104157,38.6,40319,47905,2.48,26509,3.07,66.1,33.9,82706,7.2
30660,"Lincoln, IL Micro Area",29488,40.6,11011,58271,2.28,7167,2.82,72.8,27.2,24546,5.6
30700,"Lincoln, NE Metro Area",323402,33.3,127458,56132,2.42,77426,3.02,60.6,39.4,256396,3.8
30780,"Little Rock-North Little Rock-Conway, AR Metro Area",730346,36.5,279408,51362,2.57,180978,3.19,64.0,36.0,575374,5.4
30820,"Lock Haven, PA Micro Area",39321,38.5,14675,47990,2.55,9683,3.09,70.7,29.3,32201,5.9
30860,"Logan, UT-ID Metro Area",133408,25.4,41115,53548,3.17,30850,3.61,64.9,35.1,96151,3.5
30880,"Logan, WV Micro Area",34428,43.0,13978,37859,2.42,9586,2.93,74.0,26.0,28085,12.8
30900,"Logansport, IN Micro Area",38248,40.5,14840,45558,2.5,9665,3.11,73.8,26.2,30475,6.4
30940,"London, KY Micro Area",127352,38.8,47823,33745,2.59,32948,3.12,68.0,32.0,100582,9.9
30980,"Longview, TX Metro Area",216934,37.0,77658,48359,2.66,53446,3.23,66.1,33.9,168886,5.6
31020,"Longview, WA Metro Area",103590,41.4,40668,49804,2.52,26811,3.02,66.3,33.7,82500,8.4
31060,"Los Alamos, NM Micro Area",18031,43.0,7525,110190,2.38,4969,2.99,73.7,26.3,14444,3.7
31080,"Los Angeles-Long Beach-Anaheim, CA Metro Area",13261538,36.4,4320174,65331,3.02,2942974,3.65,48.6,51.4,10626632,7.3
31140,"Louisville/Jefferson County, KY-IN Metro Area",1278203,38.8,498979,54624,2.51,318874,3.14,67.0,33.0,1018360,6.0
31180,"Lubbock, TX Metro Area",309722,30.9,114486,48709,2.6,71954,3.2,56.4,43.6,242635,4.9
31220,"Ludington, MI Micro Area",28800,46.0,12186,45524,2.32,7801,2.86,77.1,22.9,23543,7.6
31260,"Lufkin, TX Micro Area",87700,36.8,30931,46472,2.73,22400,3.24,66.0,34.0,67484,7.6
31300,"Lumberton, NC Micro Area",134187,35.9,46163,32407,2.84,31379,3.49,64.7,35.3,103886,9.6
31340,"Lynchburg, VA Metro Area",258995,39.8,99743,50711,2.47,67222,2.98,70.4,29.6,213294,5.2
31380,"Macomb, IL Micro Area",31597,31.3,11481,42911,2.43,6274,3.14,66.7,33.3,26929,8.6
31420,"Macon-Bibb County, GA Metro Area",229966,38.1,85039,41171,2.61,54391,3.34,61.2,38.8,181631,10.0
31460,"Madera, CA Metro Area",154440,33.7,44458,48210,3.29,34547,3.75,62.3,37.7,116711,8.3
31500,"Madison, IN Micro Area",32293,40.6,12677,50722,2.34,8761,2.78,71.7,28.3,26597,6.9
31540,"Madison, WI Metro Area",640072,35.9,265003,66609,2.35,156825,2.94,61.1,38.9,518914,3.7
31580,"Madisonville, KY Micro Area",45985,41.3,18546,44048,2.43,12626,2.92,70.5,29.5,36609,5.9
31620,"Magnolia, AR Micro Area",23992,36.2,9337,37072,2.38,6203,2.87,65.7,34.3,19658,9.5
31660,"Malone, NY Micro Area",51054,40.5,18956,50733,2.38,12092,2.89,72.9,27.1,42189,8.2
31680,"Malvern, AR Micro Area",33480,41.7,12291,40626,2.56,8573,3.05,74.8,25.2,27197,6.2
31700,"Manchester-Nashua, NH Metro Area",406371,40.5,158139,75777,2.52,106062,3.02,65.9,34.1,330660,4.8
31740,"Manhattan, KS Metro Area",98884,26.4,35196,51427,2.52,20744,3.02,51.0,49.0,81243,5.2
31820,"Manitowoc, WI Micro Area",79680,44.5,34119,51053,2.3,21633,2.89,75.0,25.0,65188,3.7
31860,"Mankato-North Mankato, MN Metro Area",99244,32.6,38220,56458,2.42,23116,2.9,65.6,34.4,81064,4.2
31900,"Mansfield, OH Metro Area",121533,41.4,47987,44138,2.38,30313,2.97,67.7,32.3,97973,7.5
31930,"Marietta, OH Micro Area",60871,43.8,25378,46021,2.33,16559,2.86,73.9,26.1,50349,4.2
31940,"Marinette, WI-MI Micro Area",64101,47.8,29141,44776,2.15,17841,2.69,76.0,24.0,53410,5.8
31980,"Marion, IN Micro Area",67615,39.9,26122,42046,2.39,17148,2.9,68.4,31.6,55080,7.6
32000,"Marion, NC Micro Area",45069,43.3,17970,38776,2.44,12928,2.85,71.3,28.7,36978,7.4
32020,"Marion, OH Micro Area",65483,40.8,24699,44708,2.42,16223,2.96,68.4,31.6,53298,7.9
32100,"Marquette, MI Micro Area",67145,39.1,26199,48491,2.39,15592,2.96,70.0,30.0,56389,6.3
32140,"Marshall, MN Micro Area",25789,35.6,10060,54181,2.44,6448,3.02,68.2,31.8,19960,3.6
32180,"Marshall, MO Micro Area",23010,37.9,8754,41567,2.47,5668,3.06,68.6,31.4,18333,4.6
32220,"Marshall, TX Micro Area",66606,37.7,23363,48644,2.79,17101,3.3,74.2,25.8,51491,7.2
32260,"Marshalltown, IA Micro Area",40476,38.5,15541,52752,2.54,10308,3.12,70.1,29.9,31422,5.3
32280,"Martin, TN Micro Area",33776,38.1,13607,36550,2.29,8597,2.81,66.6,33.4,27928,8.3
32300,"Martinsville, VA Micro Area",65212,45.8,27901,36338,2.3,18087,2.86,69.5,30.5,53337,8.6
32340,"Maryville, MO Micro Area",22744,29.0,8493,41370,2.3,4958,2.8,56.1,43.9,19473,4.7
32380,"Mason City, IA Micro Area",50636,44.5,22380,50621,2.2,13517,2.81,70.6,29.4,41493,4.4
32460,"Mayfield, KY Micro Area",37259,40.3,14299,40369,2.56,9460,3.21,73.8,26.2,29155,7.7
32500,"Maysville, KY Micro Area",17167,40.7,6737,43082,2.51,4638,3.03,67.8,32.2,13609,5.8
32540,"McAlester, OK Micro Area",44673,41.0,17828,44941,2.38,11758,2.89,72.7,27.3,35850,6.3
32580,"McAllen-Edinburg-Mission, TX Metro Area",839539,28.9,232523,37097,3.57,190585,4.02,67.5,32.5,588338,8.1
32620,"McComb, MS Micro Area",52337,38.9,19956,30772,2.57,12495,3.35,72.8,27.2,40575,8.5
32660,"McMinnville, TN Micro Area",40210,40.1,15755,36765,2.51,10306,3.08,68.5,31.5,31748,6.8
32700,"McPherson, KS Micro Area",28792,40.8,12077,56946,2.28,8106,2.8,71.7,28.3,22978,2.5
32740,"Meadville, PA Micro Area",86847,42.8,35102,47179,2.38,23458,2.85,72.8,27.2,70449,6.0
32780,"Medford, OR Metro Area",212070,43.0,86195,48688,2.42,54981,2.94,62.9,37.1,172986,7.5
32820,"Memphis, TN-MS-AR Metro Area",1344058,35.9,495596,50194,2.66,325685,3.33,60.3,39.7,1042926,8.2
32860,"Menomonie, WI Micro Area",44260,34.2,16652,54605,2.45,10457,2.91,68.5,31.5,36342,4.7
32900,"Merced, CA Metro Area",267390,30.8,79261,46338,3.3,60461,3.76,52.0,48.0,196540,14.6
32940,"Meridian, MS Micro Area",104392,38.7,39952,38774,2.5,26044,3.15,69.4,30.6,82567,7.5
32980,"Merrill, WI Micro Area",27994,46.9,12560,54203,2.17,8311,2.61,77.5,22.5,23352,4.0
33020,"Mexico, MO Micro Area",25763,39.6,9457,44056,2.51,6062,3.11,68.1,31.9,20445,7.4
33060,"Miami, OK Micro Area",31725,38.2,12020,38472,2.55,8152,3.09,68.6,31.4,24772,7.2
33100,"Miami-Fort Lauderdale-West Palm Beach, FL Metro Area",6019790,40.7,2077708,51758,2.86,1358825,3.55,59.8,40.2,4926657,7.5
33140,"Michigan City-La Porte, IN Metro Area",110839,40.2,42975,49921,2.38,28138,2.91,71.5,28.5,89517,8.0
33180,"Middlesborough, KY Micro Area",27469,41.6,11063,23558,2.39,6982,3.05,65.0,35.0,22316,9.0
33220,"Midland, MI Metro Area",83489,41.5,33986,57117,2.42,23026,2.91,75.9,24.1,67449,7.0
33260,"Midland, TX Metro Area",165430,31.8,56680,75570,2.88,39612,3.46,67.1,32.9,123138,3.5
33300,"Milledgeville, GA Micro Area",54194,36.1,19300,35197,2.46,11389,3.15,58.7,41.3,45216,8.4
33340,"Milwaukee-Waukesha-West Allis, WI Metro Area",1575101,37.6,627823,57531,2.46,389093,3.12,60.1,39.9,1247376,5.5
33420,"Mineral Wells, TX Micro Area",28109,41.0,10441,45067,2.67,7192,3.17,70.2,29.8,22267,7.9
33460,"Minneapolis-St. Paul-Bloomington, MN-WI Metro Area",3526149,36.8,1355503,73735,2.55,876386,3.15,69.9,30.1,2773357,4.3
33500,"Minot, ND Micro Area",78122,32.0,31123,64032,2.42,18840,3.07,62.3,37.7,61606,2.6
33540,"Missoula, MT Metro Area",114231,35.4,47963,49412,2.31,26829,2.92,58.9,41.1,94465,6.0
33580,"Mitchell, SD Micro Area",23157,37.9,9757,50463,2.27,6048,2.86,63.7,36.3,18118,3.5
33620,"Moberly, MO Micro Area",24987,39.2,8348,44754,2.72,5642,3.39,75.4,24.6,20030,6.1
33660,"Mobile, AL Metro Area",414328,37.3,153794,45802,2.63,102345,3.29,66.4,33.6,326953,7.5
33700,"Modesto, CA Metro Area",535684,33.9,171324,54260,3.1,127189,3.58,57.1,42.9,405302,11.8
33740,"Monroe, LA Metro Area",178970,35.8,64770,39904,2.63,42469,3.32,62.1,37.9,139356,6.9
33780,"Monroe, MI Metro Area",149619,42.2,58652,59479,2.53,40343,3.04,80.2,19.8,121024,5.9
33860,"Montgomery, AL Metro Area",373507,36.8,144254,49089,2.5,95062,3.12,64.4,35.6,295429,7.3
33940,"Montrose, CO Micro Area",40908,44.7,16951,44865,2.38,11322,2.92,69.2,30.8,32743,8.0
33980,"Morehead City, NC Micro Area",68699,47.4,30000,51584,2.25,19282,2.77,72.7,27.3,57619,8.0
34020,"Morgan City, LA Micro Area",52578,38.0,20032,41345,2.58,11565,3.52,62.5,37.5,41257,8.5
34060,"Morgantown, WV Metro Area",137475,33.6,50830,48622,2.53,29058,3.16,63.6,36.4,116582,6.6
34100,"Morristown, TN Metro Area",116352,41.6,44431,43683,2.56,31116,3.04,69.4,30.6,93902,7.0
34140,"Moscow, ID Micro Area",38697,28.3,15448,43310,2.29,8503,2.92,53.3,46.7,32324,7.2
34180,"Moses Lake, WA Micro Area",93420,32.6,30512,52382,3.03,22127,3.55,62.0,38.0,68278,6.9
34220,"Moultrie, GA Micro Area",45890,36.0,15599,34503,2.89,11133,3.39,59.5,40.5,34858,7.2
34340,"Mount Airy, NC Micro Area",72315,43.4,29256,39071,2.44,20173,2.96,73.0,27.0,58544,5.1
34380,"Mount Pleasant, MI Micro Area",70572,27.4,24898,42771,2.57,14028,3.0,61.5,38.5,59721,8.4
34420,"Mount Pleasant, TX Micro Area",32664,34.0,10675,46980,3.03,8310,3.43,67.1,32.9,24183,6.1
34460,"Mount Sterling, KY Micro Area",46120,40.0,17450,40847,2.61,12445,3.02,70.8,29.2,36474,7.5
34500,"Mount Vernon, IL Micro Area",38358,40.9,15244,46109,2.35,9767,2.93,73.3,26.7,30678,8.5
34540,"Mount Vernon, OH Micro Area",60945,38.9,23229,51211,2.47,15253,3.03,71.3,28.7,48530,5.8
34580,"Mount Vernon-Anacortes, WA Metro Area",121725,41.4,47341,59263,2.53,31961,3.0,67.8,32.2,97671,6.4
34260,"Mountain Home, AR Micro Area",41093,51.8,18398,40072,2.21,12048,2.7,75.4,24.6,34719,5.8
34300,"Mountain Home, ID Micro Area",26232,31.4,10062,45154,2.54,6980,3.01,57.9,42.1,19998,7.3
34620,"Muncie, IN Metro Area",115938,35.4,46304,41208,2.35,27492,2.89,64.2,35.8,96707,7.9
34660,"Murray, KY Micro Area",38616,34.7,14757,39269,2.37,8671,3.02,63.6,36.4,32404,5.7
34700,"Muscatine, IA Micro Area",42923,38.1,16414,56398,2.58,11349,3.1,72.5,27.5,33275,3.5
34740,"Muskegon, MI Metro Area",172707,39.1,65216,46077,2.55,43764,3.05,74.3,25.7,136567,8.9
34780,"Muskogee, OK Micro Area",69471,37.7,26097,41329,2.52,17528,3.09,66.5,33.5,54180,6.9
34820,"Myrtle Beach-Conway-North Myrtle Beach, SC-NC Metro Area",432772,46.5,178272,47732,2.4,118438,2.88,72.1,27.9,362154,7.3
34860,"Nacogdoches, TX Micro Area",65411,30.6,23825,41482,2.52,15329,3.11,55.9,44.1,51528,8.6
34900,"Napa, CA Metro Area",141005,40.8,49044,79637,2.79,33746,3.32,63.1,36.9,114589,5.4
34940,"Naples-Immokalee-Marco Island, FL Metro Area",356774,49.7,138131,62407,2.55,93364,3.04,72.1,27.9,300135,5.3
34980,"Nashville-Davidson--Murfreesboro--Franklin, TN Metro Area",1830410,36.3,691266,59365,2.6,459627,3.16,65.6,34.4,1444790,5.0
35020,"Natchez, MS-LA Micro Area",51794,39.3,18949,30285,2.49,12421,3.17,62.9,37.1,41116,10.3
35060,"Natchitoches, LA Micro Area",39051,33.6,14549,29001,2.63,8103,3.5,50.0,50.0,30633,13.6
35100,"New Bern, NC Metro Area",125953,38.3,50114,48041,2.39,34145,2.89,65.3,34.7,101715,8.4
35220,"New Castle, IN Micro Area",48649,42.2,18096,46131,2.5,12009,3.02,73.1,26.9,39912,7.0
35260,"New Castle, PA Micro Area",88231,44.9,36742,47188,2.34,24456,2.87,74.1,25.9,72683,6.5
35300,"New Haven-Milford, CT Metro Area",862127,40.1,327402,64872,2.55,205240,3.24,62.3,37.7,706271,7.7
35380,"New Orleans-Metairie, LA Metro Area",1260660,37.7,480817,50154,2.58,296884,3.32,61.9,38.1,1007870,7.1
35420,"New Philadelphia-Dover, OH Micro Area",92531,40.9,36548,49460,2.5,24502,3.05,70.7,29.3,73739,4.9
35580,"New Ulm, MN Micro Area",25243,42.5,10668,55764,2.26,6978,2.76,77.8,22.2,20428,2.3
35620,"New York-Newark-Jersey City, NY-NJ-PA Metro Area",20192042,38.2,7168027,72205,2.76,4738901,3.42,51.9,48.1,16287352,6.9
35140,"Newberry, SC Micro Area",37914,41.5,14893,39600,2.47,10328,2.95,72.8,27.2,30562,8.1
35440,"Newport, OR Micro Area",47307,50.9,20674,43291,2.26,12372,2.8,63.6,36.4,40089,6.5
35460,"Newport, TN Micro Area",35262,44.7,14592,32027,2.39,9383,2.98,68.3,31.7,28819,9.6
35500,"Newton, IA Micro Area",36789,42.6,14533,56363,2.41,9822,2.89,73.7,26.3,29496,4.6
35660,"Niles-Benton Harbor, MI Metro Area",154948,42.0,63035,47132,2.38,40621,2.96,69.3,30.7,124478,7.3
35700,"Nogales, AZ Micro Area",46358,36.6,15568,39630,2.95,11785,3.46,67.2,32.8,35135,8.7
35740,"Norfolk, NE Micro Area",48257,38.1,19572,51740,2.4,13012,2.92,69.9,30.1,37371,3.2
35820,"North Platte, NE Micro Area",36920,40.5,15583,55832,2.32,10204,2.85,64.4,35.6,29000,2.6
35840,"North Port-Sarasota-Bradenton, FL Metro Area",768381,51.6,318253,54473,2.38,200504,2.95,72.5,27.5,654611,6.1
35860,"North Vernon, IN Micro Area",27840,39.6,10753,48362,2.56,7229,3.1,74.3,25.7,22156,6.0
35900,"North Wilkesboro, NC Micro Area",68525,44.1,27765,37173,2.44,18924,2.95,74.5,25.5,55762,7.5
35940,"Norwalk, OH Micro Area",58497,39.2,22876,49710,2.52,15692,3.02,69.9,30.1,45635,5.8
35980,"Norwich-New London, CT Metro Area",270772,41.0,107193,69411,2.41,69729,2.96,66.7,33.3,222909,7.0
36020,"Oak Harbor, WA Micro Area",80323,44.1,34027,61516,2.3,23094,2.74,68.1,31.9,66940,6.7
36100,"Ocala, FL Metro Area",343778,48.5,134747,41964,2.48,87376,3.06,75.3,24.7,286877,9.0
36140,"Ocean City, NJ Metro Area",94549,48.7,39861,62332,2.3,25963,2.85,77.5,22.5,79862,8.4
36220,"Odessa, TX Metro Area",155744,30.3,51475,59528,2.99,36252,3.6,66.0,34.0,113768,6.9
36260,"Ogden-Clearfield, UT Metro Area",642274,31.4,202991,68558,3.14,158629,3.58,75.2,24.8,461657,4.1
36300,"Ogdensburg-Massena, NY Micro Area",110817,38.0,41638,48330,2.38,26325,2.91,72.5,27.5,90701,8.8
36340,"Oil City, PA Micro Area",52880,46.0,21925,46487,2.36,14862,2.83,74.8,25.2,43593,7.6
36380,"Okeechobee, FL Micro Area",40228,41.0,13333,39059,2.79,9067,3.36,72.2,27.8,32646,9.0
36420,"Oklahoma City, OK Metro Area",1353504,34.9,505879,54946,2.61,329950,3.23,64.0,36.0,1051551,5.0
36460,"Olean, NY Micro Area",78175,41.7,31723,45571,2.38,19976,2.95,71.3,28.7,62552,7.0
36500,"Olympia-Tumwater, WA Metro Area",269885,38.9,106229,66113,2.5,70386,2.99,63.9,36.1,217580,7.7
36540,"Omaha-Council Bluffs, NE-IA Metro Area",914190,35.4,352312,62345,2.54,229477,3.16,65.3,34.7,703174,4.0
36580,"Oneonta, NY Micro Area",60750,42.0,23627,51254,2.33,15005,2.83,74.3,25.7,52019,6.7
36620,"Ontario, OR-ID Micro Area",53260,36.9,18833,43131,2.63,12915,3.17,65.3,34.7,40913,7.4
36660,"Opelousas, LA Micro Area",83580,36.2,30467,32163,2.7,20398,3.38,69.8,30.2,63269,5.5
36700,"Orangeburg, SC Micro Area",89116,39.5,33029,34943,2.62,20005,3.51,68.6,31.4,71543,9.7
36740,"Orlando-Kissimmee-Sanford, FL Metro Area",2390859,36.9,837022,52261,2.81,560162,3.4,60.2,39.8,1917904,6.8
36780,"Oshkosh-Neenah, WI Metro Area",169540,38.0,69759,55128,2.31,42113,2.89,64.5,35.5,138230,3.6
36820,"Oskaloosa, IA Micro Area",22301,39.7,8955,50568,2.41,5948,2.95,70.5,29.5,17522,5.6
36830,"Othello, WA Micro Area",19261,28.4,5824,48131,3.26,4427,3.81,64.3,35.7,13188,5.9
36840,"Ottawa, KS Micro Area",25599,40.0,9897,53167,2.53,6676,3.05,72.1,27.9,20053,5.4
36860,"Ottawa-Peru, IL Micro Area",150541,42.5,60702,54830,2.42,40847,2.93,73.8,26.2,121674,7.6
36900,"Ottumwa, IA Micro Area",44155,39.0,17786,44863,2.43,11807,2.97,73.4,26.6,34683,5.8
36940,"Owatonna, MN Micro Area",36612,39.3,14450,58882,2.5,9732,3.05,76.5,23.5,28402,4.5
36980,"Owensboro, KY Metro Area",117319,39.3,46732,48217,2.44,31570,2.96,69.2,30.8,91576,6.1
37020,"Owosso, MI Micro Area",68617,42.0,27623,50967,2.46,19053,2.91,75.7,24.3,55669,7.1
37060,"Oxford, MS Micro Area",52744,29.3,19767,45019,2.41,11323,2.95,58.4,41.6,44120,5.7
37080,"Oxford, NC Micro Area",58503,42.5,20945,52089,2.62,14863,3.13,73.4,26.6,47759,6.6
37100,"Oxnard-Thousand Oaks-Ventura, CA Metro Area",847834,37.5,270046,81972,3.09,198226,3.57,63.2,36.8,669012,6.6
37120,"Ozark, AL Micro Area",49393,37.1,18825,44711,2.56,12724,3.15,59.7,40.3,39173,10.4
37140,"Paducah, KY-IL Micro Area",97319,42.9,40882,42917,2.34,24974,2.99,69.6,30.4,78393,5.4
37220,"Pahrump, NV Micro Area",43296,51.6,18077,44225,2.37,11010,2.96,69.3,30.7,36802,11.4
37260,"Palatka, FL Micro Area",72435,44.8,27951,33619,2.54,17148,3.24,72.7,27.3,58455,10.3
37300,"Palestine, TX Micro Area",57747,39.1,16567,42313,2.68,11611,3.23,70.9,29.1,47733,4.3
37340,"Palm Bay-Melbourne-Titusville, FL Metro Area",568183,47.1,227223,51536,2.47,145167,3.07,72.0,28.0,475860,7.6
37420,"Pampa, TX Micro Area",22962,36.7,7971,48314,2.68,5229,3.35,75.2,24.8,17671,4.9
37460,"Panama City, FL Metro Area",196135,40.0,73962,49863,2.59,48228,3.18,63.3,36.7,159544,6.3
37500,"Paragould, AR Micro Area",44197,37.7,16821,45566,2.59,12140,3.02,67.3,32.7,34695,7.0
37540,"Paris, TN Micro Area",32263,45.3,13483,40415,2.36,9059,2.86,75.5,24.5,26280,6.7
37580,"Paris, TX Micro Area",49401,40.4,19085,42198,2.55,13127,3.09,64.3,35.7,38914,5.6
37620,"Parkersburg-Vienna, WV Metro Area",91816,43.0,38537,45066,2.36,24939,2.91,71.9,28.1,74475,6.1
37660,"Parsons, KS Micro Area",20553,41.0,8098,45706,2.47,5570,2.98,70.7,29.3,16160,4.7
37740,"Payson, AZ Micro Area",53145,49.3,21585,41179,2.42,14228,2.94,72.9,27.1,43414,11.7
37780,"Pecos, TX Micro Area",14791,35.4,3731,49390,3.31,2589,4.16,71.7,28.3,11861,8.0
37800,"Pella, IA Micro Area",33127,39.5,13098,57917,2.4,8636,2.97,71.1,28.9,26112,3.6
37860,"Pensacola-Ferry Pass-Brent, FL Metro Area",476702,38.0,178443,51926,2.53,114515,3.14,65.5,34.5,385931,6.9
37900,"Peoria, IL Metro Area",377258,39.0,151043,57301,2.44,97903,3.02,71.6,28.4,298345,6.6
37940,"Peru, IN Micro Area",36035,39.9,13465,46666,2.51,9271,3.0,70.2,29.8,29201,7.8
37980,"Philadelphia-Camden-Wilmington, PA-NJ-DE-MD Metro Area",6065644,38.6,2253471,66285,2.62,1453980,3.28,67.3,32.7,4879266,7.4
38060,"Phoenix-Mesa-Scottsdale, AZ Metro Area",4561038,36.2,1623046,57935,2.76,1069175,3.39,61.9,38.1,3559940,6.2
38100,"Picayune, MS Micro Area",55049,41.0,20710,44734,2.58,14909,3.06,76.6,23.4,43969,10.0
38180,"Pierre, SD Micro Area",21956,39.0,9301,60097,2.23,5484,2.93,67.5,32.5,17320,1.8
38220,"Pine Bluff, AR Metro Area",93590,39.2,34597,38547,2.4,21989,3.05,65.8,34.2,75258,9.5
38240,"Pinehurst-Southern Pines, NC Micro Area",94191,44.7,38185,54468,2.43,25041,3.03,74.4,25.6,76305,6.3
38260,"Pittsburg, KS Micro Area",39099,32.5,14974,38017,2.49,8894,3.14,59.5,40.5,31494,5.4
38300,"Pittsburgh, PA Metro Area",2348143,43.0,1000493,56073,2.28,611619,2.91,69.9,30.1,1950671,5.7
38340,"Pittsfield, MA Metro Area",127751,46.5,55063,55190,2.19,32702,2.79,69.0,31.0,108432,6.8
38380,"Plainview, TX Micro Area",34527,33.0,11217,46012,2.87,8070,3.44,60.4,39.6,25947,6.4
38420,"Platteville, WI Micro Area",51742,35.6,19444,50522,2.46,11968,3.01,69.2,30.8,42249,3.5
38460,"Plattsburgh, NY Micro Area",81224,39.4,31680,52759,2.32,20084,2.79,68.0,32.0,68228,5.8
38500,"Plymouth, IN Micro Area",46752,39.8,17249,51869,2.67,12022,3.24,75.5,24.5,36164,6.8
38540,"Pocatello, ID Metro Area",84113,33.2,30790,47390,2.66,20461,3.23,68.9,31.1,64109,6.3
38580,"Point Pleasant, WV-OH Micro Area",57203,42.1,22599,40516,2.46,15571,2.98,76.4,23.6,46112,6.6
38620,"Ponca City, OK Micro Area",45173,38.6,17890,44067,2.47,11215,3.12,68.9,31.1,35160,6.9
38700,"Pontiac, IL Micro Area",36812,41.6,14379,54339,2.38,9515,2.9,72.6,27.4,29742,5.5
38740,"Poplar Bluff, MO Micro Area",42826,40.3,16550,37878,2.53,11126,3.07,63.3,36.7,33950,9.2
38820,"Port Angeles, WA Micro Area",73439,50.5,32280,48002,2.24,19472,2.74,69.6,30.4,62110,8.8
38840,"Port Clinton, OH Micro Area",40769,48.3,17495,56193,2.28,11836,2.74,78.2,21.8,34008,4.9
38920,"Port Lavaca, TX Micro Area",21821,37.7,7733,58788,2.79,5412,3.32,70.6,29.4,16980,6.3
38940,"Port St. Lucie, FL Metro Area",454482,47.1,173540,50045,2.58,113097,3.2,73.8,26.2,377764,7.2
38780,"Portales, NM Micro Area",19313,29.7,7125,35928,2.54,4337,3.26,61.2,38.8,15000,10.7
38860,"Portland-South Portland, ME Metro Area",525776,43.4,217941,63992,2.36,137083,2.89,71.4,28.6,435957,4.3
38900,"Portland-Vancouver-Hillsboro, OR-WA Metro Area",2382037,37.8,912368,66657,2.57,582340,3.13,61.5,38.5,1910928,6.2
39020,"Portsmouth, OH Micro Area",76871,39.8,30204,38978,2.43,19022,2.99,67.8,32.2,62005,7.9
39060,"Pottsville, PA Micro Area",144287,44.2,58758,47642,2.33,38216,2.89,74.8,25.2,119246,6.9
39140,"Prescott, AZ Metro Area",220972,52.2,94343,48259,2.29,59801,2.8,70.7,29.3,187588,7.3
39220,"Price, UT Micro Area",20512,36.4,7841,46994,2.55,5096,3.19,72.8,27.2,15619,5.4
39260,"Prineville, OR Micro Area",21717,48.0,9330,41777,2.31,6076,2.78,67.4,32.6,18075,8.3
39300,"Providence-Warwick, RI-MA Metro Area",1613154,40.2,627931,61536,2.48,400567,3.09,60.9,39.1,1325646,6.9
39340,"Provo-Orem, UT Metro Area",587190,24.6,158951,66742,3.6,130111,3.93,67.5,32.5,404403,4.3
39380,"Pueblo, CO Metro Area",163368,38.8,63489,42386,2.5,40751,3.1,63.2,36.8,129896,9.3
39420,"Pullman, WA Micro Area",47794,24.5,17657,41574,2.31,8528,2.89,44.5,55.5,41358,8.5
39460,"Punta Gorda, FL Metro Area",173236,58.1,74884,46511,2.26,47776,2.77,78.2,21.8,153842,8.9
39500,"Quincy, IL-MO Micro Area",76865,41.2,31215,48302,2.39,20137,2.98,70.8,29.2,61449,5.2
39540,"Racine, WI Metro Area",195101,40.1,75640,58334,2.51,51497,3.03,69.0,31.0,154261,5.8
39580,"Raleigh, NC Metro Area",1273985,36.3,471659,68870,2.65,321088,3.18,65.6,34.4,992278,5.2
39660,"Rapid City, SD Metro Area",143711,38.3,58033,52683,2.39,37791,2.92,69.9,30.1,113416,3.7
39700,"Raymondville, TX Micro Area",21839,33.4,5737,29104,3.51,4689,3.91,77.8,22.2,16965,14.5
39740,"Reading, PA Metro Area",415500,39.9,153876,59580,2.61,106020,3.12,72.2,27.8,332475,7.3
39780,"Red Bluff, CA Micro Area",63247,41.1,23712,42512,2.63,16214,3.13,67.2,32.8,49743,10.1
39860,"Red Wing, MN Micro Area",46138,42.9,19345,62431,2.34,13039,2.82,74.6,25.4,36992,4.2
39820,"Redding, CA Metro Area",178919,41.8,70486,47258,2.49,45292,3.02,62.6,37.4,144794,6.8
39900,"Reno, NV Metro Area",449442,38.2,175184,58654,2.53,108003,3.15,57.9,42.1,361680,6.8
39940,"Rexburg, ID Micro Area",51130,24.4,15016,39506,3.33,12035,3.52,56.2,43.8,38584,8.4
39980,"Richmond, IN Micro Area",66972,41.1,26397,41813,2.44,17310,3.0,67.4,32.6,53898,6.5
40060,"Richmond, VA Metro Area",1270158,38.5,479256,63599,2.57,310480,3.18,65.5,34.5,1021875,6.3
40080,"Richmond-Berea, KY Micro Area",105191,35.3,39588,44778,2.48,25458,3.04,61.8,38.2,85214,7.3
40100,"Rio Grande City, TX Micro Area",63420,28.8,16320,27133,3.85,13314,4.4,74.4,25.6,44771,15.0
40140,"Riverside-San Bernardino-Ontario, CA Metro Area",4476222,34.0,1335366,59173,3.28,996035,3.81,62.3,37.7,3428043,9.9
40180,"Riverton, WY Micro Area",40354,38.3,15167,55013,2.6,9893,3.2,70.5,29.5,31232,6.0
40260,"Roanoke Rapids, NC Micro Area",72726,44.6,30026,33558,2.35,19598,2.91,64.9,35.1,59332,9.7
40220,"Roanoke, VA Metro Area",313069,42.6,129549,52609,2.35,82716,2.92,68.5,31.5,255932,5.4
40300,"Rochelle, IL Micro Area",51619,41.9,20830,57655,2.45,14236,2.93,74.9,25.1,41177,6.5
40340,"Rochester, MN Metro Area",214485,38.4,84975,69003,2.48,57705,2.99,76.0,24.0,167252,3.9
40380,"Rochester, NY Metro Area",1080653,39.9,431327,55256,2.41,267583,3.02,67.1,32.9,880207,6.3
40540,"Rock Springs, WY Micro Area",44527,34.0,16269,71083,2.7,11224,3.25,73.8,26.2,33763,5.2
40420,"Rockford, IL Metro Area",341150,39.4,133200,52360,2.53,88292,3.1,68.0,32.0,268514,9.7
40460,"Rockingham, NC Micro Area",45447,40.2,18371,33607,2.4,11903,2.99,65.5,34.5,36104,10.0
40580,"Rocky Mount, NC Metro Area",148157,41.2,58309,41593,2.49,38769,3.07,63.0,37.0,118485,8.7
40620,"Rolla, MO Micro Area",44873,34.8,17330,41681,2.41,10747,2.95,60.9,39.1,36428,6.3
40660,"Rome, GA Metro Area",96471,38.3,35506,46096,2.6,24711,3.14,60.2,39.8,76229,7.5
40700,"Roseburg, OR Micro Area",107576,47.0,44828,44023,2.36,29363,2.82,68.0,32.0,89306,8.9
40740,"Roswell, NM Micro Area",65454,35.3,23343,42177,2.72,16125,3.31,68.0,32.0,50052,6.3
40760,"Ruidoso, NM Micro Area",19497,50.9,7902,42145,2.45,4999,3.09,78.3,21.7,16339,5.2
40780,"Russellville, AR Micro Area",84973,36.3,30702,40351,2.64,20219,3.25,68.0,32.0,67365,7.1
40820,"Ruston, LA Micro Area",47536,27.6,17370,34424,2.54,10478,3.05,54.5,45.5,39082,8.8
40860,"Rutland, VT Micro Area",59676,46.4,25160,52635,2.28,15099,2.89,72.1,27.9,50368,4.7
40900,"Sacramento--Roseville--Arden-Arcade, CA Metro Area",2268005,37.0,811543,64407,2.75,542572,3.32,59.5,40.5,1798151,8.1
40940,"Safford, AZ Micro Area",37700,33.1,10976,48173,3.04,7670,3.67,68.0,32.0,28550,12.2
40980,"Saginaw, MI Metro Area",193803,40.8,78482,45034,2.39,49108,3.0,71.7,28.3,156835,8.2
41400,"Salem, OH Micro Area",104584,43.8,41582,45498,2.42,28511,2.92,73.2,26.8,85281,7.5
41420,"Salem, OR Metro Area",410119,36.3,145205,54304,2.74,98917,3.27,60.7,39.3,319957,7.1
41460,"Salina, KS Micro Area",61291,38.4,24731,49897,2.41,15647,3.03,68.2,31.8,48326,4.1
41500,"Salinas, CA Metro Area",433168,33.9,125939,63249,3.3,91206,3.86,50.7,49.3,330852,6.0
41540,"Salisbury, MD-DE Metro Area",394925,44.6,153289,56283,2.49,102683,2.99,73.2,26.8,325978,6.9
41620,"Salt Lake City, UT Metro Area",1170057,32.3,382620,67838,3.02,271471,3.58,67.1,32.9,873261,4.4
41660,"San Angelo, TX Metro Area",118498,34.1,43729,49838,2.57,27628,3.27,63.3,36.7,93472,3.8
41700,"San Antonio-New Braunfels, TX Metro Area",2377507,34.4,795519,56495,2.94,549504,3.57,62.6,37.4,1833187,5.9
41740,"San Diego-Carlsbad, CA Metro Area",3283665,35.4,1111739,70588,2.87,747245,3.45,53.0,47.0,2636785,7.1
41860,"San Francisco-Oakland-Hayward, CA Metro Area",4641820,38.8,1684081,92714,2.71,1074662,3.31,54.3,45.7,3805124,5.8
41940,"San Jose-Sunnyvale-Santa Clara, CA Metro Area",1969897,36.9,647891,105809,2.99,467116,3.46,57.1,42.9,1568275,5.8
42020,"San Luis Obispo-Paso Robles-Arroyo Grande, CA Metro Area",280119,39.0,105044,67175,2.51,66465,3.0,60.0,40.0,235225,4.8
41760,"Sandpoint, ID Micro Area",41855,47.7,17563,45607,2.36,11558,2.87,72.8,27.2,34439,4.4
41780,"Sandusky, OH Micro Area",75369,44.6,31577,51033,2.34,19879,2.89,69.2,30.8,61728,6.5
41820,"Sanford, NC Micro Area",59805,37.9,21691,49272,2.71,15052,3.32,67.3,32.7,46478,7.4
42100,"Santa Cruz-Watsonville, CA Metro Area",273263,37.3,95536,73663,2.73,60178,3.3,59.7,40.3,225234,6.7
42140,"Santa Fe, NM Metro Area",147514,45.3,61651,57945,2.34,36733,3.01,70.3,29.7,122691,5.5
42200,"Santa Maria-Santa Barbara, CA Metro Area",442996,33.7,144015,68023,2.94,93819,3.46,52.3,47.7,354581,6.6
42220,"Santa Rosa, CA Metro Area",500943,41.4,190058,71769,2.59,120389,3.16,60.3,39.7,410495,5.9
42300,"Sault Ste. Marie, MI Micro Area",38023,39.7,14004,44030,2.42,8560,3.03,70.0,30.0,31864,9.0
42340,"Savannah, GA Metro Area",377476,35.0,139377,55021,2.62,91418,3.2,58.4,41.6,298351,8.1
42380,"Sayre, PA Micro Area",61546,44.4,24851,50900,2.44,16827,2.94,74.8,25.2,49399,5.6
42420,"Scottsbluff, NE Micro Area",38493,39.8,15304,48063,2.46,10010,3.03,69.1,30.9,29947,5.0
42460,"Scottsboro, AL Micro Area",52326,43.0,20368,39281,2.54,14140,3.12,73.6,26.4,42482,7.7
42540,"Scranton--Wilkes-Barre--Hazleton, PA Metro Area",557942,42.8,224955,49239,2.39,141316,3.0,67.8,32.2,460274,6.4
42620,"Searcy, AR Micro Area",78706,36.3,29217,44074,2.56,20521,3.04,67.2,32.8,62133,6.2
42660,"Seattle-Tacoma-Bellevue, WA Metro Area",3735216,37.1,1448393,77269,2.53,914836,3.12,60.0,40.0,3006610,5.5
42680,"Sebastian-Vero Beach, FL Metro Area",147981,52.2,57911,49009,2.53,36622,3.18,75.8,24.2,125409,8.2
42700,"Sebring, FL Metro Area",100177,53.1,41350,36374,2.38,26519,2.97,74.7,25.3,84633,11.5
42740,"Sedalia, MO Micro Area",42309,37.9,16031,43097,2.58,10706,3.14,67.2,32.8,32975,5.8
42780,"Selinsgrove, PA Micro Area",40570,39.7,14576,54182,2.63,10516,3.08,72.7,27.3,32827,3.6
42820,"Selma, AL Micro Area",40755,39.3,16487,30065,2.44,10318,3.13,59.2,40.8,31802,13.7
42900,"Seneca Falls, NY Micro Area",34843,42.2,13536,51601,2.34,8396,2.89,73.2,26.8,28610,4.9
42860,"Seneca, SC Micro Area",75926,45.0,31354,43978,2.4,21225,2.86,72.9,27.1,62303,6.6
42940,"Sevierville, TN Micro Area",95523,42.4,36901,44473,2.56,25688,3.02,67.4,32.6,77798,6.2
42980,"Seymour, IN Micro Area",43779,38.2,16549,49080,2.6,11695,3.06,72.7,27.3,34244,6.2
43020,"Shawano, WI Micro Area",45642,43.8,18378,50679,2.44,12226,2.97,75.6,24.4,36416,4.2
43060,"Shawnee, OK Micro Area",71614,37.6,25925,46159,2.64,17926,3.18,68.8,31.2,56218,6.7
43100,"Sheboygan, WI Metro Area",115094,41.3,47532,56114,2.36,31169,2.91,69.6,30.4,92026,4.4
43140,"Shelby, NC Micro Area",97038,41.7,37782,40002,2.52,25459,3.08,67.4,32.6,78236,10.3
43180,"Shelbyville, TN Micro Area",46854,37.2,17058,47117,2.71,12574,3.11,68.2,31.8,35933,5.6
43220,"Shelton, WA Micro Area",61569,45.9,23034,53087,2.62,15196,3.14,77.2,22.8,51137,8.3
43260,"Sheridan, WY Micro Area",29964,42.1,13130,56455,2.2,8214,2.79,68.6,31.4,24172,3.1
43300,"Sherman-Denison, TX Metro Area",126146,40.2,47550,52683,2.6,32831,3.13,67.0,33.0,99376,6.5
43320,"Show Low, AZ Micro Area",107902,35.9,34251,38798,3.07,24394,3.7,68.9,31.1,81333,16.3
43340,"Shreveport-Bossier City, LA Metro Area",443974,36.7,171610,42572,2.53,109010,3.22,62.6,37.4,347704,6.8
43380,"Sidney, OH Micro Area",48902,39.3,18665,57673,2.6,13236,3.07,70.8,29.2,37889,5.3
43420,"Sierra Vista-Douglas, AZ Metro Area",126516,40.5,49160,47847,2.36,32650,2.9,68.9,31.1,101372,7.6
43460,"Sikeston, MO Micro Area",38858,40.0,15241,41628,2.51,10468,2.96,68.9,31.1,30581,6.0
43500,"Silver City, NM Micro Area",28382,45.9,11879,40470,2.33,7255,2.94,72.3,27.7,23018,8.1
43580,"Sioux City, IA-NE-SD Metro Area",168647,36.7,65064,54474,2.53,44220,3.07,69.5,30.5,129459,4.5
43620,"Sioux Falls, SD Metro Area",250564,35.0,98203,62047,2.48,63491,3.08,67.3,32.7,191780,3.1
43660,"Snyder, TX Micro Area",17346,35.6,5838,54565,2.65,3910,3.32,74.1,25.9,13400,4.6
43700,"Somerset, KY Micro Area",63974,42.0,25810,35022,2.44,16800,3.01,69.2,30.8,51337,8.6
43740,"Somerset, PA Micro Area",75619,45.9,29918,46132,2.36,20481,2.85,77.9,22.1,63531,6.1
43760,"Sonora, CA Micro Area",53899,48.6,22267,54325,2.27,14269,2.76,69.4,30.6,46043,7.9
43780,"South Bend-Mishawaka, IN-MI Metro Area",320010,38.0,121380,48681,2.53,78553,3.15,70.0,30.0,253337,6.6
43900,"Spartanburg, SC Metro Area",325504,38.7,124755,46431,2.54,84962,3.1,69.1,30.9,258093,6.3
43940,"Spearfish, SD Micro Area",25018,41.4,10902,49275,2.17,6274,2.74,64.2,35.8,20990,3.1
43980,"Spencer, IA Micro Area",16387,42.2,7264,48978,2.21,4615,2.73,69.2,30.8,13041,3.4
44020,"Spirit Lake, IA Micro Area",17000,48.7,8039,59889,2.08,5074,2.55,75.9,24.1,14192,3.0
44060,"Spokane-Spokane Valley, WA Metro Area",547688,38.3,218166,51709,2.43,139570,2.98,64.0,36.0,439280,6.3
44100,"Springfield, IL Metro Area",210550,40.2,88903,58956,2.32,55045,2.92,69.8,30.2,168149,6.7
44140,"Springfield, MA Metro Area",630385,38.2,237713,55306,2.49,150687,3.09,62.4,37.6,518113,7.5
44180,"Springfield, MO Metro Area",455133,36.6,181947,45326,2.42,115618,2.98,62.9,37.1,362876,5.2
44220,"Springfield, OH Metro Area",135520,41.2,54836,46275,2.41,35942,2.93,65.6,34.4,108254,7.7
41060,"St. Cloud, MN Metro Area",194660,34.5,74662,58335,2.49,47916,3.01,68.7,31.3,153887,4.5
41100,"St. George, UT Metro Area",155577,35.9,52385,55175,2.93,39432,3.35,70.1,29.9,117402,5.2
41140,"St. Joseph, MO-KS Metro Area",127137,38.4,47097,49568,2.52,30190,3.13,66.1,33.9,102181,5.3
41180,"St. Louis, MO-IL Metro Area",2804998,39.0,1112971,59046,2.47,720355,3.07,69.1,30.9,2245106,6.3
41220,"St. Marys, GA Micro Area",52252,31.6,18913,53687,2.68,14363,3.05,60.1,39.9,40630,8.2
41260,"St. Marys, PA Micro Area",30781,46.7,13447,49876,2.26,8602,2.82,78.8,21.2,25444,4.8
44260,"Starkville, MS Micro Area",49392,25.4,17393,37348,2.54,8854,3.27,53.2,46.8,41468,9.5
44300,"State College, PA Metro Area",160646,31.3,57710,56466,2.48,32917,2.95,61.4,38.6,139168,4.6
44340,"Statesboro, GA Micro Area",73742,28.1,26632,39305,2.49,16464,2.95,53.2,46.8,60450,9.3
44420,"Staunton-Waynesboro, VA Metro Area",120283,43.2,48395,54427,2.38,31953,2.92,70.6,29.4,98911,4.1
44460,"Steamboat Springs, CO Micro Area",24359,39.9,9478,67472,2.53,5627,3.0,68.3,31.7,20454,3.1
44500,"Stephenville, TX Micro Area",41016,30.0,13827,47013,2.82,8905,3.3,63.7,36.3,33376,4.3
44540,"Sterling, CO Micro Area",21885,37.5,8151,44876,2.55,4805,3.33,62.0,38.0,17771,6.2
44580,"Sterling, IL Micro Area",56823,42.9,23468,51969,2.38,15320,2.93,75.3,24.7,45519,6.0
44620,"Stevens Point, WI Micro Area",70371,36.6,28072,54620,2.39,17130,2.93,68.6,31.4,58106,4.6
44660,"Stillwater, OK Micro Area",80634,27.2,30404,39149,2.39,16569,3.04,49.5,50.5,66524,4.5
44700,"Stockton-Lodi, CA Metro Area",724153,33.9,223808,57813,3.17,166555,3.68,55.7,44.3,546782,10.1
44740,"Storm Lake, IA Micro Area",20369,35.1,7561,52784,2.56,5129,3.12,66.2,33.8,15679,4.9
44780,"Sturgis, MI Micro Area",60890,39.4,23831,47856,2.52,16624,2.98,74.0,26.0,47472,5.3
44860,"Sulphur Springs, TX Micro Area",35929,39.6,13287,47832,2.67,9828,3.1,69.3,30.7,27820,5.9
44900,"Summerville, GA Micro Area",24880,40.3,9253,35718,2.5,6140,3.05,65.7,34.3,20037,9.5
44920,"Summit Park, UT Micro Area",39731,38.8,14781,94952,2.67,10917,3.08,73.7,26.3,30642,2.3
44940,"Sumter, SC Metro Area",107379,36.0,41417,41946,2.54,28144,3.1,64.9,35.1,84274,11.4
44980,"Sunbury, PA Micro Area",93038,44.3,39281,44534,2.26,24967,2.8,71.3,28.7,76731,5.1
45000,"Susanville, CA Micro Area",31470,36.2,9441,54083,2.28,6086,2.83,66.0,34.0,26937,7.5
45020,"Sweetwater, TX Micro Area",14990,38.8,5552,42019,2.64,3802,3.21,69.3,30.7,11648,7.1
45060,"Syracuse, NY Metro Area",659262,39.2,258028,56305,2.44,161140,3.03,67.4,32.6,535014,6.6
45140,"Tahlequah, OK Micro Area",48404,35.0,16360,39187,2.84,10538,3.58,66.5,33.5,38602,7.9
45180,"Talladega-Sylacauga, AL Micro Area",91843,41.5,35855,38591,2.46,23769,3.05,73.2,26.8,74605,10.2
45220,"Tallahassee, FL Metro Area",377674,33.3,146460,48618,2.42,85448,2.99,57.8,42.2,313062,8.6
45300,"Tampa-St. Petersburg-Clearwater, FL Metro Area",2978209,42.0,1180768,50567,2.48,724860,3.13,64.0,36.0,2441654,6.8
45340,"Taos, NM Micro Area",32809,47.7,12603,35314,2.55,7221,3.41,74.3,25.7,27286,9.7
45380,"Taylorville, IL Micro Area",33562,42.7,13892,50668,2.27,8933,2.79,75.2,24.8,27395,4.6
45460,"Terre Haute, IN Metro Area",170642,38.1,65978,44120,2.41,41748,2.98,66.0,34.0,138776,6.9
45500,"Texarkana, TX-AR Metro Area",149889,38.6,55491,43753,2.58,37594,3.15,65.0,35.0,118627,7.7
45520,"The Dalles, OR Micro Area",25687,40.9,10135,48510,2.42,6583,2.99,64.1,35.9,20530,6.5
45540,"The Villages, FL Metro Area",116754,66.4,52360,54771,2.05,35920,2.43,90.1,9.9,109138,6.6
45580,"Thomaston, GA Micro Area",26241,41.5,10263,35375,2.5,6218,3.29,64.3,35.7,21092,11.2
45620,"Thomasville, GA Micro Area",44909,39.6,17254,41336,2.55,11936,3.05,64.4,35.6,35204,9.3
45660,"Tiffin, OH Micro Area",55549,39.5,21507,49153,2.44,14335,2.94,72.2,27.8,44651,5.9
45700,"Tifton, GA Micro Area",40531,35.5,14999,38728,2.57,10681,3.04,57.0,43.0,31398,3.9
45740,"Toccoa, GA Micro Area",25625,42.3,9427,39756,2.64,6496,3.29,70.2,29.8,20541,11.7
45780,"Toledo, OH Metro Area",605204,37.3,245562,48284,2.39,150597,3.02,62.3,37.7,483715,7.6
45820,"Topeka, KS Metro Area",233382,39.9,93914,55194,2.43,60476,3.02,68.0,32.0,183550,5.5
45860,"Torrington, CT Micro Area",184454,46.9,74605,76438,2.43,49751,2.96,76.8,23.2,153976,6.0
45900,"Traverse City, MI Micro Area",147606,45.1,59471,55926,2.42,39315,2.94,80.0,20.0,121677,6.0
45940,"Trenton, NJ Metro Area",373362,38.6,129546,77027,2.75,87992,3.35,64.2,35.8,302590,7.5
45980,"Troy, AL Micro Area",33287,31.4,12284,35684,2.55,7320,3.25,59.2,40.8,27498,8.7
46020,"Truckee-Grass Valley, CA Micro Area",98838,49.8,40386,60610,2.42,25858,2.91,74.2,25.8,83915,7.3
46060,"Tucson, AZ Metro Area",1007257,38.2,398530,48676,2.45,245163,3.08,61.9,38.1,814161,8.4
46100,"Tullahoma-Manchester, TN Micro Area",101773,41.0,40514,47082,2.45,27561,2.98,71.2,28.8,81775,6.2
46140,"Tulsa, OK Metro Area",977869,36.8,378264,52210,2.55,250645,3.13,64.9,35.1,759764,5.9
46180,"Tupelo, MS Micro Area",139354,37.4,52143,43759,2.63,35906,3.19,69.7,30.3,107776,6.3
46220,"Tuscaloosa, AL Metro Area",239589,33.6,84791,48344,2.69,55755,3.31,64.6,35.4,194444,7.4
46300,"Twin Falls, ID Micro Area",105287,34.1,37837,48403,2.75,27166,3.23,67.2,32.8,78313,4.4
46340,"Tyler, TX Metro Area",222277,36.6,77801,50742,2.79,53391,3.39,65.9,34.1,173356,6.5
46380,"Ukiah, CA Micro Area",87497,42.4,34182,46528,2.5,20811,3.14,59.2,40.8,70894,10.4
46460,"Union City, TN-KY Micro Area",36918,42.7,15258,36442,2.36,10287,2.86,66.4,33.6,29814,8.2
46520,"Urban Honolulu, HI Metro Area",990060,37.6,311451,80078,3.06,219859,3.63,55.6,44.4,799878,4.5
46500,"Urbana, OH Micro Area",39005,42.1,15274,54495,2.5,10752,2.95,72.7,27.3,31287,7.3
46540,"Utica-Rome, NY Metro Area",295267,41.6,115659,50814,2.43,72659,3.04,67.7,32.3,239691,6.5
46620,"Uvalde, TX Micro Area",27015,33.8,8624,40781,3.08,5860,3.89,72.9,27.1,20552,5.9
46660,"Valdosta, GA Metro Area",143969,31.6,51901,38448,2.69,33279,3.32,55.7,44.3,113004,9.6
46700,"Vallejo-Fairfield, CA Metro Area",434981,37.7,147352,72950,2.88,106136,3.35,60.0,40.0,347462,8.5
46740,"Valley, AL Micro Area",33895,43.0,13694,37342,2.44,8690,3.11,66.5,33.5,27447,6.4
46780,"Van Wert, OH Micro Area",28262,41.4,11503,50974,2.43,8166,2.84,74.8,25.2,22437,5.3
46820,"Vermillion, SD Micro Area",13907,25.0,5302,41773,2.2,2599,2.84,51.6,48.4,11728,6.4
46860,"Vernal, UT Micro Area",36343,30.1,10616,67012,3.39,7714,4.03,76.3,23.7,25394,6.7
46900,"Vernon, TX Micro Area",12972,37.2,5155,43913,2.39,3320,2.97,64.8,35.2,10349,5.8
46980,"Vicksburg, MS Micro Area",56616,37.6,21746,38506,2.55,14171,3.27,64.4,35.6,44536,9.1
47020,"Victoria, TX Metro Area",99028,36.4,35489,55837,2.75,25096,3.24,66.8,33.2,76761,5.2
47080,"Vidalia, GA Micro Area",36122,36.9,13598,37279,2.57,9058,3.2,63.5,36.5,27904,9.4
47180,"Vincennes, IN Micro Area",37763,38.1,14986,44837,2.36,9739,2.91,64.0,36.0,30803,5.4
47220,"Vineland-Bridgeton, NJ Metro Area",154952,36.8,50596,50000,2.81,34759,3.35,63.7,36.3,122276,9.0
47240,"Vineyard Haven, MA Micro Area",17275,45.9,6139,67535,2.77,3870,3.46,77.7,22.3,14369,3.0
47260,"Virginia Beach-Norfolk-Newport News, VA-NC Metro Area",1717708,35.7,638027,61889,2.59,427223,3.14,61.5,38.5,1374714,6.6
47300,"Visalia-Porterville, CA Metro Area",458809,30.6,135144,44871,3.35,105173,3.79,56.2,43.8,330467,10.0
47340,"Wabash, IN Micro Area",31848,42.0,12920,49052,2.32,8432,2.87,74.0,26.0,26012,5.5
47380,"Waco, TX Metro Area",263009,33.5,93613,45721,2.69,62188,3.28,58.8,41.2,205550,5.2
47420,"Wahpeton, ND-MN Micro Area",22731,40.1,9681,58051,2.2,6130,2.72,72.5,27.5,18365,2.2
47460,"Walla Walla, WA Metro Area",63861,38.2,24150,52184,2.42,15462,3.0,65.0,35.0,51673,6.1
47540,"Wapakoneta, OH Micro Area",45778,41.1,18342,59516,2.47,12790,2.96,75.8,24.2,35900,3.4
47580,"Warner Robins, GA Metro Area",188764,35.6,69206,52997,2.65,48117,3.18,64.2,35.8,147141,7.8
47620,"Warren, PA Micro Area",40345,46.7,17095,45781,2.32,10971,2.88,76.2,23.8,33432,5.7
47660,"Warrensburg, MO Micro Area",53941,29.9,19918,50689,2.48,12828,2.95,59.8,40.2,43523,6.9
47700,"Warsaw, IN Micro Area",78720,38.0,30265,57190,2.55,21625,2.96,74.8,25.2,61649,4.6
47920,"Washington Court House, OH Micro Area",28659,41.1,11729,44289,2.41,8011,2.86,62.1,37.9,22568,6.3
47780,"Washington, IN Micro Area",32777,34.6,11482,48355,2.8,8221,3.41,73.8,26.2,24213,5.4
47820,"Washington, NC Micro Area",47316,45.4,18978,41101,2.47,12456,3.07,70.8,29.2,38670,9.0
47900,"Washington-Arlington-Alexandria, DC-VA-MD-WV Metro Area",6090196,36.7,2170034,97148,2.76,1434070,3.37,63.4,36.6,4831659,5.5
47940,"Waterloo-Cedar Falls, IA Metro Area",170055,36.1,67411,53689,2.42,41582,2.98,69.3,30.7,136923,4.9
47980,"Watertown, SD Micro Area",27963,38.3,12011,52025,2.28,7378,2.84,65.1,34.9,21980,2.5
48020,"Watertown-Fort Atkinson, WI Micro Area",84586,40.1,32739,59215,2.47,22329,2.93,69.7,30.3,68209,4.3
48060,"Watertown-Fort Drum, NY Metro Area",116567,31.9,43206,50322,2.54,29204,3.07,55.6,44.4,90892,8.0
48100,"Wauchula, FL Micro Area",27326,34.9,7718,39063,3.26,5729,3.86,68.5,31.5,20817,9.1
48140,"Wausau, WI Metro Area",135293,40.7,54820,56509,2.44,36597,2.96,72.8,27.2,107639,3.8
48180,"Waycross, GA Micro Area",54829,39.1,20878,37897,2.5,14927,2.96,66.6,33.4,43073,5.2
48220,"Weatherford, OK Micro Area",29169,30.7,10458,48520,2.63,7132,3.1,59.3,40.7,22626,3.6
48260,"Weirton-Steubenville, WV-OH Metro Area",120337,45.3,50292,44576,2.32,32084,2.86,70.8,29.2,99875,6.9
48300,"Wenatchee, WA Metro Area",115723,38.8,42089,55236,2.71,29013,3.27,67.3,32.7,90107,5.1
48460,"West Plains, MO Micro Area",40139,40.2,16204,34984,2.44,10862,2.95,69.2,30.8,31533,5.0
48500,"West Point, MS Micro Area",19990,39.4,7681,34118,2.57,5451,3.12,71.8,28.2,15778,11.3
48540,"Wheeling, WV-OH Metro Area",143801,44.2,57451,45625,2.38,36513,2.98,74.4,25.6,119142,6.1
48580,"Whitewater-Elkhorn, WI Micro Area",102917,39.4,40246,58401,2.48,26760,2.98,68.4,31.6,83263,5.6
48660,"Wichita Falls, TX Metro Area",150940,35.3,55955,46558,2.42,36051,3.02,64.3,35.7,120608,4.8
48620,"Wichita, KS Metro Area",642339,35.8,245121,53953,2.57,160602,3.22,65.8,34.2,493324,5.3
48700,"Williamsport, PA Metro Area",115398,41.0,45991,50634,2.38,29787,2.93,69.9,30.1,94349,6.2
48780,"Williston, ND Micro Area",32916,31.3,12895,89874,2.5,7972,3.12,61.8,38.2,24995,2.0
48820,"Willmar, MN Micro Area",42577,39.5,16765,56604,2.47,11641,2.96,73.9,26.1,33391,3.0
48900,"Wilmington, NC Metro Area",277496,39.6,112726,51137,2.39,66342,3.04,61.4,38.6,228623,7.2
48940,"Wilmington, OH Micro Area",41869,39.8,16309,49997,2.49,11088,3.0,65.1,34.9,32994,6.6
48980,"Wilson, NC Micro Area",81379,40.4,32068,42095,2.49,21255,3.09,60.5,39.5,64297,8.1
49020,"Winchester, VA-WV Metro Area",134712,41.0,50691,60350,2.6,34383,3.17,68.4,31.6,107950,4.4
49080,"Winnemucca, NV Micro Area",17088,35.6,6261,69324,2.69,4055,3.39,76.9,23.1,12924,7.3
49100,"Winona, MN Micro Area",50992,34.5,19228,53975,2.44,11460,3.03,70.0,30.0,42785,5.1
49180,"Winston-Salem, NC Metro Area",658195,40.4,260518,47099,2.47,172069,3.05,67.6,32.4,525529,7.2
49220,"Wisconsin Rapids-Marshfield, WI Micro Area",73427,43.8,32223,51603,2.25,20208,2.81,72.9,27.1,59245,4.8
49260,"Woodward, OK Micro Area",21140,36.0,7366,57602,2.72,5264,3.27,71.6,28.4,16403,5.6
49300,"Wooster, OH Micro Area",115915,38.7,43353,54037,2.59,30490,3.12,73.0,27.0,90687,4.0
49340,"Worcester, MA-CT Metro Area",934923,40.2,350504,68311,2.57,231684,3.14,65.4,34.6,758777,6.3
49380,"Worthington, MN Micro Area",21854,36.0,7917,53267,2.71,5498,3.16,71.1,28.9,16619,6.5
49420,"Yakima, WA Metro Area",248279,32.7,81720,47470,2.99,58723,3.54,62.7,37.3,181605,7.5
49460,"Yankton, SD Micro Area",22660,42.1,9283,50029,2.25,5785,2.84,65.3,34.7,18459,2.8
49620,"York-Hanover, PA Metro Area",442216,41.0,169667,61707,2.55,117907,3.02,74.4,25.6,355090,5.4
49660,"Youngstown-Warren-Boardman, OH-PA Metro Area",548821,43.9,230549,44947,2.3,145081,2.9,70.3,29.7,450375,6.9
49700,"Yuba City, CA Metro Area",170227,34.3,58068,53101,2.89,41859,3.4,57.6,42.4,129113,10.3
49740,"Yuma, AZ Metro Area",204281,34.1,71670,43253,2.77,53669,3.23,67.5,32.5,157101,10.9
49780,"Zanesville, OH Micro Area",85933,40.2,34348,43325,2.45,22488,2.99,67.3,32.7,68677,6.9
49820,"Zapata, TX Micro Area",14415,29.4,4457,34550,3.23,3400,3.79,72.3,27.7,9987,12.4
